,title,link,image,author,discount,publisher,pubdate,isbn,description
0,핀테크,https://search.shopping.naver.com/book/catalog/32438306822,https://shopping-phinf.pstatic.net/main_3243830/32438306822.20230920073135.jpg,한석주,11400,커뮤니케이션북스,20151101,9791130441436,"디지털 기술의 발달은 금융의 모든 것을 바꾸고 있다. 기술 기반의 스타트업들과 비금융권 기업들이 금융 시장에 진입하며 은행을 해체하고 대체해 가는 시대가 오고 있다. 핀테크의 핵심은 기술을 통해 기존의 금융 기관이 제공하지 못했던 부분을 채워 주고, 편의성 증대, 비용 절감, 리스크 분산, 기대 수익 증가 등 고객에게 새로운 가치를 주는 데 있다. 특히 고객들이 쌓은 데이터를 분석해 틈새를 찾아내고 새로운 시장으로 만드는 것이 중요하다. 이 책은 핀테크의 의미와 지급 결제, 대출, 자산관리, 가상 화폐 등 다양한 분야별 성공 사례와 시사점, 오프라인 기업의 대응, 그리고 각국의 핀테크 산업 육성 정책에 대해 살펴본다."
1,핀테크 (IT와 금융이 만나는 새로운 세상),https://search.shopping.naver.com/book/catalog/32506472036,https://shopping-phinf.pstatic.net/main_3250647/32506472036.20220527060350.jpg,강창호,0,한빛미디어,20150605,9788968482007,"금융과 기술로 혁신하는 핀테크 시장을 선점하라!

상시 연결된 디지털 세상에서 혁신적인 금융 서비스를 제공하기 위한 최고의 핀테크 안내서!

핀테크’란 금융을 뜻하는 파이낸셜(Financial)과 기술(Technology)의 합성어로 스마트 기기를 이용한 지급 결제 서비스뿐만 아니라 예금과 대출 및 자산 관리 등의 각종 금융 서비스를 IT 기술을 통해 처리하는 금융과 IT가 융합된 산업을 뜻한다. 이 책에서는 핀테크로 시작된 디지털 금융의 혁신을 위해 변화하는 시장 상황과 다양한 해외 선도 기업의 사례를 알아보고, 기업이 어떻게 변화해야 할 것인지 구체적으로 살펴본다. 애플, 구글, 페이팔, 알리바바 등 최신 기술을 무기로 새롭게 등장한 금융 플레이어들과 대적하기 위해 반드시 알고 있어야 할 핀테크의 모든 것을 다루면서 기술과 금융을 소비하는 금융 소비자에 대한 이해 및 소비자 경험 향상을 통해 기업이 나아가야 할 방향을 제시한다. 이 책은 핀테크 전문가가 들려주는 가장 확실한 핀테크 혁신 노하우로, 디지털 금융 혁신을 이해하고 준비하려는 금융 기관의 임원 및 현업 담당자뿐만 아니라 핀테크와 관련된 다양한 해외 사례 및 활용 방법을 고민하고 있는 금융 IT 종사자, 디지털 뱅킹의 미래에 대해 인사이트를 얻고자 하는 사람들에게도 실질적인 도움을 줄 수 있는 책이다."
2,핀테크 전쟁 (세계 금융 시장의 거대한 트렌드 | 새로운 돈의 시대가 온다),https://search.shopping.naver.com/book/catalog/32466678930,https://shopping-phinf.pstatic.net/main_3246667/32466678930.20230920071709.jpg,브렛 킹,13500,예문,20150612,9788956592503,"다가오는 미래, 달라지는 금융의 패러다임을 한 권으로 읽는다!

핀테크란 금융을 뜻하는 파이낸셜(financial)과 기술(techique)의 합성어이다. 즉, IT와 금융의 융합형 산업을 뜻한다. 『핀테크 전쟁』은 이러한 핀테크의 미래에 관한 통찰력을 제공하고, 앞으로 20~30년 동안 금융계의 흐름을 좌우할 기술과 비즈니스 모델을 보여준다. 이에 세계적으로 핀테크 산업을 주도하는 CEO와 전문가 29인 및 금융 평론가 브렛 킹의 대담 내용을 담았다.

세계 최대 금융 관련 팟캐스트인 《Breaking Banks》의 방송 내용을 엮은 이 책은 P2P대출과 커뮤니티뱅킹, 지불결제, 지점이 사라진 인터넷 전문 은행, 비트코인, 디지털 혹은 암호화 화폐, 재무 복지와 저축을 돕는 신개념 도구 등 핀테크의 전 분야에 관한 설명 및 궁금증과 현황, 전망을 소개한다. 이를 통해 요즘 대세라는 핀테크가 무엇인지, 그리고 앞으로 돈의 흐름이 어디로 향할 것인지에 관한 인사이트를 얻을 수 있을 것이다."
3,핀테크 4.0 (핀테크 혁명과 금융의 미래),https://search.shopping.naver.com/book/catalog/32677902620,https://shopping-phinf.pstatic.net/main_3267790/32677902620.20221019104441.jpg,김종현,17100,한국금융연수원,20220524,9788928727292,본서에서는 세계 최초로 핀테크 산업의 발전을 4단계로 구분하여 설명하는 [핀테크 4.0]의 개념을 도입하였다. 이러한 개념적 틀을 토대로 핀테크 산업에 대한 이론적인 설명 및 실무의 이해와 필요한 긴요한 요소들을 적재적소에 배치하였다. 아울러 60여개의 핀테크 기업에 대한 상세 분석을 포함한 풍부한 실례를 다뤘기에 산업계뿐만 아니라 교육현장에서도 활용가능성이 높다.
4,핀테크 혁명 (모바일 은행 설립자가 알려주는 핀테크 시대의 돈 관리 기술),https://search.shopping.naver.com/book/catalog/32466958984,https://shopping-phinf.pstatic.net/main_3246695/32466958984.20221229072809.jpg,앤 보덴,20700,유엑스리뷰,20200303,9791188314430,"다양한 핀테크 서비스와 비즈니스 모델을 완벽히 분석하여 핀테크의 가능성과 모바일 기반의 돈 관리 기술을 이해시켜 주는 책. 영국 최고의 모바일 은행 스탈링뱅크의 창업자이자 금융 전문가인 앤 보덴은 이 책을 통해 우리가 돈을 어떻게 저축하고, 지출하고, 투자하면 좋을지 집중 조명한다. 스마트폰을 이용한 몇 가지의 새로운 행동을 받아들이는 것만으로도 은행 잔고는 한층 풍족해질 수 있다. 이 책은 돈에 관한 전통적인 사고방식을 날려주고, 그동안 우리가 금융기관에 대해 가졌던 고정관념을 깬다. 또 스마트 뱅킹과 오픈뱅킹의 이점 및 핀테크의 새로운 솔루션을 알려줌으로써, 저축과 투자에서부터 연금, 각종 요금 납부, 해외여행 경비에 이르기까지 넓은 범위에서 다양한 핀테크식 해결책을 다룬다. 영국의 핀테크 서비스 사례들을 중점적으로 다루면서 핀테크를 쉽고 흥미롭게 이해할 수 있게 해주며, 동시에 개인을 위한 혁신적 돈 관리 기술들을 소개함으로써 사람들이 더 스마트하게 소비하고 저축하는 방안을 제시한다."
5,핀테크가 강한 나라 (석학 9인의 금융 플랫폼 미래 통찰),https://search.shopping.naver.com/book/catalog/46825713618,https://shopping-phinf.pstatic.net/main_4682571/46825713618.20240404092906.jpg,강형구^김솔^김우진^류혁선^안수현,35100,한울아카데미,20240408,9788946075139,"빅테크 플랫폼 시대에 금융이 나아갈 길

최근 10년 금융 서비스는 몰라보게 달라졌다. 스마트폰으로 언제 어디서든 여러 은행의 금리를 비교하며 지점에 직접 가지 않고도 통장을 만들고 대출이나 환전 같은 업무를 볼 수 있다. 
스마트폰 보급과 다양한 핀테크 서비스들의 등장으로 금융의 경계가 흐려지고 있으며 금융과 정보통신기술의 결합으로 등장한 새로운 핀테크 산업에 기대와 우려가 겹쳐 있다.
금융은 항상 당시 최고의 기술을 활용하여 발전해 왔다. 새로운 기술 및 사업 모델의 창의적 활용을 권장하고 금융 혁신의 제도적 기반을 제공하면서도 소비자 보호, 금융회사와 플랫폼 간 공정한 협업과 경쟁, 금융시스템의 안정 등을 뒷받침할 수 있는 제도를 수립하는 것이 필요하다. 
이러한 문제의식을 가지고 여러 학문 분야의 석학들이 머리를 맞대고 금융 플랫폼이 제기하는 다양한 이슈를 종합적이고 균형 있게 조망했다. 이 책은 핀테크를 통해 금융소비자 보호, 금융 포용성 확대, 지속가능한 성장의 파트너이자, 금융 혁신을 이루는 등 한국 금융이 나아가야 할 길을 제시한다. 또한 이러한 미래 비전을 위해 정부가 의지를 가지고 갖추어야 할 제도와 규제는 어떠해야 할지에 대한 고민도 담았다."
6,핀테크와 법 (제3판),https://search.shopping.naver.com/book/catalog/32441765997,https://shopping-phinf.pstatic.net/main_3244176/32441765997.20221229073758.jpg,강현구^유주선^이성남,19800,씨아이알,20201112,9791156109020,"핀테크의 영역과 그에 대한 법률문제의 간격을 
어떻게 좁힐 수 있을 것인가

핀테크 관련 기술의 발전이 급속하게 진행 중에 있다. 2018년 개정 이후 2년이 지난 후 이러한 핀테크 관련 법제를 반영하지 않으면 안 된다는 집필자들의 의견이 모아져 개정 3판을 금번에 출간하게 된 것이다.
금번에 개정되는 제3판은 다음 내용을 업데이트하였다.

첫째, 2020년 제안된 「전자금융거래법」 개정안에 대한 내용을 담았다.
둘째, 소액해외송금업 관련 최근 개정된 「외국환거래법」의 내용을 반영하였다.
셋째, P2P 대출과 관련하여 그동안 입법 방안이라는 내용을 담고 있었지만, 금번 개정판에서는 이제 제정된 P2P 대출법인 「온라인투자연계금융업 및 이용자 보호에 관한 법률」의 내용을 새로이 기술하였다.
넷째, 「인터넷전문은행법」이 도입됨에 따라 인터넷전문은행 도입 관련 법적 쟁점에 새로운 법률의 주요 내용을 담았다.
다섯째, 핀테크와 보험 파트에 인슈어테크에 관한 최신 내용을 담았다. 보험상품 개발에서부터 보험계약의 체결 및 보험금청구 등에서 발생할 수 있는 인슈어테크의 내용을 새로이 담았다.
여섯째, 데이터 3법이 개정됨에 따라 빅데이터 관련 법적 쟁점과 그 영향 등의 내용을 담았다.
일곱째, 가상통화 관련 법제로서 불완전하지만 가상자산을 법제화한 개정 「특정 금융거래정보의 보고 및 이용 등에 관한 법률」 내용을 간략히 다루었다.
여덟째, 「금융혁신지원 특별법」의 주요 내용을 담았다. 그동안 확정되지 않았던 금융혁신지원특별법안에 대한 내용을 담았던 것을 제정된 법률의 내용으로 담았다."
7,"내일의 핀테크 (금융대혁명의 시대, 어떻게 살아남을 것인가?)",https://search.shopping.naver.com/book/catalog/32436124758,https://shopping-phinf.pstatic.net/main_3243612/32436124758.20221019145031.jpg,홍장원,11700,매경출판,20160222,9791155424070,"『내일의 핀테크』는 ‘삼성 직원을 제외하고 가장 먼저 삼성페이를 경험한’ 핀테크 전문기자 홍장원이 일반인들을 위해 쓴 '핀테크' 안내서다. 런던, 파리, 바르샤바, 실리콘밸리를 넘어 밴쿠버와 도쿄까지 6개국을 직접 돌며 풀어낸 살아있는 핀테크 이야기를 들려준다. 저자의 글을 읽으면서 핀테크가 바꿔 갈 미래의 모습을 상상해볼 수 있을 것이다."
8,차이나 핀테크 (중국에선 현금이 필요없다),https://search.shopping.naver.com/book/catalog/32438307673,https://shopping-phinf.pstatic.net/main_3243830/32438307673.20221229073433.jpg,구자근,10800,스리체어스,20180220,9791186984284,"중국은 자타가 공인하는 세계 최고의 핀테크 강국이다. 글로벌 회계법인 언스트앤드영(EY)이 발표한 '2017 핀테크 도입지수'에서 69퍼센트를 기록하며 조사대상 20개국 중 1위를 기록했고, 세계 핀테크 기업 10위권 내에 5개 기업을 올렸다. 



중국의 성공적인 핀테크 사회 진입은 중국 금융을 둘러싼 경제.사회 전반의 요소가 인터넷 플랫폼을 통해 융합하여 최적화된 서비스를 만들었기에 가능했다. 중국 핀테크 금융의 생태계가 기업, 개인, 공동체 등 사회 주체를 모두 연결하고 있다. 중국 핀테크 사례는 제도로서의 기능을 확실히 해낸 중국 금융 당국과 혁신적인 기술과 상호 공존이라는 철학으로 시장의 리더가 된 기업, 변화에 민첩하게 반응해 그대로 흡수된 소비자들이 공통으로 만들어 낸 창신의 결정체다.



저자는 중국이 신용 사회를 건너뛰어 핀테크 시스템으로 바로 진입할 수 있었던 배경과 과정에 주목한다. 알리바바와 텐센트라는 거대 IT 기업들이 전자상거래와 메신저라는 대규모 플랫폼을 어떻게 활용해 중국인들을 모바일 결제로 끌어들였는지를 각각의 핀테크 상품들로 분석했다. 알리페이와 세서미 크레딧, 위뱅크와 웨이상 등이 바꿔놓은 중국인들의 경제생활을 들여다봤다.



---



북저널리즘은 북(BOOK)과 저널리즘(JOURNALISM)의 합성어다. 우리가 지금, 깊이 읽어야 할 주제를 다룬다. 단순한 사실 전달을 넘어 새로운 관점과 해석을 제시하고 사유의 운동을 촉진한다. 현실과 밀착한 지식, 지혜로운 정보를 지향한다. bookjournalism.com"
9,핀테크 시대 (기술변화와 함께 다가오는 법과 규제 패러다임의 변화),https://search.shopping.naver.com/book/catalog/32485543581,https://shopping-phinf.pstatic.net/main_3248554/32485543581.20220527034931.jpg,고학수^권남훈^노혁준^박광배^박상철,0,박영사,20151205,9791130328034,▶ 이 책은 핀테크 시대를 다룬 이론서입니다.
0,핀테크 보안경영 (보안사령부를 구축하라),https://search.shopping.naver.com/book/catalog/32492053731,https://shopping-phinf.pstatic.net/main_3249205/32492053731.20221019145226.jpg,김려성,30600,진한엠앤비,20160420,9791170094371,"핀테크 보안은 금융거래의 신뢰성을 유지하면서 금융과 IT 융합에 의해 편의성과 다양성을 지원할 수 있어야 한다. 사용자측면의 사전 보안에서 서버측면의 사후 보안으로 보안 프레임워크가 변화되고 있다. 그래서 다양한 인증기술의 수용, 기술의 중립성 구현, 사용자의 보안의식 강화 등의 구체적 목적을 가지고 추진되어야 한다. 핀테크 서비스를 제공하는 기업은 보안대책을 수립함에 있어 핀테크 관련 보 안정책에 대한 명확한 이해를 바탕으로 종합적인 핀테크 서비스 안전성 확보방안을 수립해야 하겠다."
1,핀테크 4.0 (핀테크 혁명과 금융의 미래),https://search.shopping.naver.com/book/catalog/32454456445,https://shopping-phinf.pstatic.net/main_3245445/32454456445.20220527025312.jpg,김종현,0,한국금융연수원,20200805,9788928726127,"『핀테크 4.0』은 〈핀테크란 무엇인가?〉, 〈핀테크의 태동과 성장사〉, 〈춘추전국시대인 글로벌 핀테크 시장〉, 〈국내외 대응 현황 및 국내 핀테크 산업의 당면 이슈〉, 〈핀테크 산업의 미래〉 등이 수록되어 있다."
2,핀테크와 법 (제2판),https://search.shopping.naver.com/book/catalog/32506678795,https://shopping-phinf.pstatic.net/main_3250667/32506678795.20220527051739.jpg,강현구,0,씨아이알,20180622,9791156106067,"핀테크의 영역과 그에 대한 법률문제의 간격을 어떻게 좁힐 수 있을 것인가

『핀테크와 법』을 출간한 후 1년의 시간이 지났다. 시시각각으로 기술 발전이 거듭하고 있음에도 핀테크 관련 법률체계는 답보상태가 유지되고 있는 모습이다. 지급결제나 P2P 대출, 크라우드 펀딩, 가상통화 등의 영역에서 금융과 기술이 더욱더 결합하고 있음을 우리는 목격하고 있다.

제2판은 지난 해 출간한 제1판의 체제를 계속 유지하기로 하였다. 다만, 금번 판은 다음과 같은 사항을 추가 보완하면서 독자들의 호응에 기대키로 한다. 첫째, 1년 사이에 변화된 핀테크의 영역을 업데이트하는 작업을 하였다. 지급결제, 송금, 크라우드 펀딩, P2P 대출, 인터넷 전문은행 및 자산관리 부문에서 최신의 내용을 간략하게 담았다. 둘째, 핀테크 영역에서 가장 괄목한 만한 성장과 변모를 계속하고 있는 P2P 대출, 가상통화에 대한 내용을 보다 더 풍부하게 제공하는 작업을 하였다. 셋째, 금융혁신지원특별법, 일명 ‘핀테크 특별법’에 대한 내용을 간략하게 설명하였다. 아직 입법화되지 않았기 때문에, 금번 발간하는 책자에 삽입하는 것이 합리적인가에 대한 주저함이 없는 것은 아니었지만, 실무에서 유익할 수 있음을 감안하여 간략하게 소개하는 것으로 집필진의 의견을 정리하였다. 넷째, 짜임새나 목차 번호, 오탈자 등을 다시 수정 보완하는 작업을 하였다. 독자들의 혼동을 가져올 수 있는 목차번호나 오탈자 등이 윤독 과정 중 발견되어 이들에 대한 수정작업을 한 것이다.

양서를 출간해야 한다는 마음은 충천해 있지만, 눈 깜짝할 사이에 변화가 지속되고 있는 핀테크의 영역을 따라잡기에는 시간상, 건강상의 여건이 허락되지 않았다. 그럼에도 불구하고 우리 셋은 1년 만에 『핀테크와 법』 제2판을 발간함으로써, 제1판 발간 시 독자들과의 약속을 지키게 되었다. 부족한 부분은 지속적으로 보완할 것을 약속드린다."
3,핀테크 3.0 (핀테크 혁명과 금융의 미래),https://search.shopping.naver.com/book/catalog/32505121654,https://shopping-phinf.pstatic.net/main_3250512/32505121654.20220521130137.jpg,김종현,0,한국금융연수원,20180508,9788928724857,▶ 핀테크에 관한 내용을 담은 전문서적입니다.
4,핀테크와 법,https://search.shopping.naver.com/book/catalog/32466653988,https://shopping-phinf.pstatic.net/main_3246665/32466653988.20220527024747.jpg,강현구,0,씨아이알,20170420,9791156103066,"『핀테크와 법』은 핀테크를 이해하기 위한 기초사항을 설명하고 핀테크에 대한 기본적인 사항을 이해한 후 핀테크와 관련된 법률문제를 탐구하였다. 핀테크 영역에서 의미가 있다고 판단되는 지급결제, 해외송금, 크라우드 펀딩, P2P 대출, 인터넷전문은행, 자산관리 및 인슈어테크 등에 관한 사항이 심도 있게 논의된다."
5,핀테크 인사이트 (돈의 미래를 주도할 핀테크 기술 트렌드와 미래 예측),https://search.shopping.naver.com/book/catalog/32493234759,https://shopping-phinf.pstatic.net/main_3249323/32493234759.20221230073118.jpg,메가트렌드 랩,15300,율곡출판사,20180208,9791187897262,"바야흐로 핀테크 전성시대다. 모든 언론의 경제면에는 핀테크로 대변되는 가상화폐, 인터넷 은행, 간편결제, 로보어드바이저, P2P대출 등의 관련 기사가 쉴새없이 쏟아지고 있다. 면면을 보면 금융과 정보통신기술의 융합이라는 공통적인 키워드를 도출해낼 수 있다. 이제는 정보통신기술을 이해하지 못하면 금융을 이야기할 수 없게 되고 있다. 이 때문에 핀테크 기업이 IT 인력을 대거 흡수하고 있다. 단편적인 예로 골드만삭스가 금융이 아닌 IT 회사라는 슬로건을 걸고 있고, 실제로 약 3만 3천 명의 정규직원 중 약 9천여 명이 IT 인력으로 구성되어 있다. 

핀테크 산업의 성장으로 금융혁신이 이루어지고 있다. 기존과 다른 양상으로 사업기회가 생겨나고 있고, 크라우드펀딩이나 P2P, ICO 등의 새로운 펀딩방식이 탄생하고 있다. 핀테크는 시간이 지날수록 발전하면서 소비자들의 금융 생활을 더욱 편하게 만들 것이다. 앞으로 어떤 혁신적인 핀테크 서비스로 우리 생활을 편하게 할 수 있을지 기대가 된다. 이러한 시점에 핀테크 트렌드를 미리 파악하고 체계적인 지식을 쌓아두는 것이 불확실한 미래를 준비하는 데 큰 도움이 될 것이다. 특히 금융 및 IT 분야의 전문가들이 공동저자로 참여하여 현장의 모습을 생생하게 전하고 있다는 점이 매력적이다. 많은 독자들이 핀테크를 이해하는 데 있어 도움이 되기를 간절히 바란다(윤정석, 삼성전자 책임 연구원, 추천의 글)."
6,핀테크 트렌드 2024 (핀테크 현황과 전망 총망라!),https://search.shopping.naver.com/book/catalog/44288814623,https://shopping-phinf.pstatic.net/main_4428881/44288814623.20231128081448.jpg,길진세,17100,책세상,20231211,9791171310944,"누구도 알려주지 못한 ‘핀테크 현황과 전망’ 총망라
IT·금융권 취준생, 현직자, 스타트업 준비자 필독서

★ 핀테크 지원센터 전문위원 겸 한국금융 연수원 핀테크 강사의 ‘검증된 정보’
★ 금융과 IT 최전선에서 함께한 ‘핀테크의 시작과 발전’ 이야기
★ 면접관이 주목할, 핵심만 담은 ‘분야별 전망’
★ 핀테크 키워드 정리

19년간 IT와 핀테크 업계 최전선에서 몸담은 저자는 취준생들을 위한 특강과 핀테크 강의를 하면서 ‘금융권 취업을 희망하지만 IT와 핀테크 트렌드를 잘 몰라서 걱정이다. 관련 정보를 얻고 그 분야에 대해 배우고 싶다’는 수강생들의 이야기를 많이 들었습니다. 요즘 취준생들 사이에선 가장 일하고 싶은 기업의 앞글자만 모은 ‘네카라쿠배당토’가 신조어로 쓰이고 있습니다. 이 기업들(네이버, 카카오, 라인, 쿠팡, 배달의민족, 당근, 토스) 모두 핀테크와 직접적으로 연결되어 있으며, 핀테크는 우리의 일상 깊숙이 유용한 기술로 발전해가고 있습니다. 그만큼 관련 산업은 미래를 이끌 필수 직종으로 주목받으며, 분야별 대표 기업들은 취준생들에게 ‘꿈의 직장’으로 불리고 있습니다. 
하지만 핀테크에 관한 정보를 제대로 정리해놓은 자료는 찾기 어렵습니다. 온라인에 단편적인 정보는 여기저기에 많지만, 핀테크 산업의 전체적인 흐름을 한눈에 보여주는 자료는 없는 실정입니다. 기존의 핀테크 책들도 숲만 거론했지 안에 있는 나무들이 어떻게 생겨났고 어떤 모양인지는 세세하게 알려주지 못하고 있습니다. 그래서 저자는 핀테크 기술과 가장 맞닿아 있는 IT/금융업계 취업이 목표인 사람과 업계 동향 파악이 필수인 현직자와 스타트업 창업 준비자에게 특히 필요한, ‘이해하기 쉬운 핀테크 가이드’를 마련했습니다. 그동안 실무를 통해 쌓은 정보와 인사이트를 발휘해, 누구도 알려주지 못했던 핀테크의 시작과 발전사, 전망까지 모두 담았습니다."
7,핀테크 규제와 실무 (지급결제와 본인인증편),https://search.shopping.naver.com/book/catalog/32441626104,https://shopping-phinf.pstatic.net/main_3244162/32441626104.20230313183513.jpg,예자선,31500,삼일인포마인,20210824,9791167840059,"온·오프라인 결제와 송금, 본인확인서비스와 전자서명(인증서)에 대한 총정리

[특장점]
ㆍ한 권으로 끝내는 법규, 비즈니스 모델, 현안의 이해
ㆍ다수 이용자가 일상적으로 이용하는 결제와 송금서비스는 금융플랫폼으로 도약하기 위한 초석으로, 기존사업자들과 신규사업자들이 치열한 경쟁을 하고 있는 영역이다. 실물경제와 밀접한 관련이 있고 해외서비스와 바로 연계될 가능성이 있기 때문에 규제와 활성화 양쪽 측면에서 제도적 개입과 논의도 많은 분야이다. 전자금융거래와 밀접한 관련이 있는 본인확인 영역 역시, 공인인증서 폐지 논의와 함께 통신사가 독점하던 본인확인서비스를 대체할 수 있는 사설인증서 등장과 전자문서 활성화 추세로 새로운 국면에 접어들고 있다.
ㆍ이 책은 여신전문금융업법과 전자금융거래법, 전자서명법, 전자상거래법의 현행 법규과 개정안, 가이드라인, 유권해석 등을 망라하여, 각 비즈니스 모델의 참가 사업자들이 누구인지, 어떤 라이선스가 필요하고, 어떤 제휴관계를 맺고 있는지, 어떤 규제를 받고 있는지를 한눈에 정리함으로써, 실무 프로세스를 만들고 제도적 현안을 이해하는데 즉각적인 도움을 받을 수 있다."
8,핀테크 에센셜,https://search.shopping.naver.com/book/catalog/32492522723,https://shopping-phinf.pstatic.net/main_3249252/32492522723.20220527061728.jpg,이근주,0,도서출판 블록체인,20200118,9791196796617,글로벌 관점에서 바라본 『핀테크 에센셜』은 국내는 물론 전세계에서 급속하게 확산되고 하루가 다르게 성장하는 핀테크를 다각도로 조망한다. '글로벌 관점에서 바라본 핀테크 에센셜'은 나날이 혁신하는 핀테크 분야에서 새로운 흐름을 꿰뚫는 통찰을 제공함으로써 다가오는 비즈니스 기회를 포착할 수 있는 길을 제시한다. 금융서비스 분야에서 새로운 혁신을 꾀하는 스타트업은 물론이고 핀테크를 포용하려는 금융권에 종사하는 이들 모두를 위한 도서이다.
9,핀테크 세상을 열다 (30편의 카툰으로 만나는 핀테크 이야기),https://search.shopping.naver.com/book/catalog/32506888625,https://shopping-phinf.pstatic.net/main_3250688/32506888625.20221231084138.jpg,김동우^김진영,11520,한빛미디어,20160105,9788968482458,"『핀테크 세상을 열다』 는 전문 컨설턴트들이 일반 대중의 눈높이에 맞춰 핀테크를 쉽고 재미있게 이해할 수 있도록 30편의 카툰으로 구성한 입문서다. ‘핀테크란 무엇인가?’에서 시작하여 핀테크의 개념을 설명해 줄 뿐만 아니라 핀테크가 실제로 일상 생활에서 어떻게 활용되고 있는지 해외, 국내 사례를 통해 살펴본다."
0,진짜 핀테크 이야기 (한 발 앞서 정복하는),https://search.shopping.naver.com/book/catalog/32492630762,https://shopping-phinf.pstatic.net/main_3249263/32492630762.20221228073118.jpg,목승환,13500,한즈미디어(한스미디어),20150924,9788959758586,"금융과 IT를 두루 섭렵한 핀테크 전문가가 이야기하는 핀테크의 모든 것. 핀테크의 진정한 개념과 확산 범위, 세계 핀테크 기업들의 현황과 국내 상황, 발전을 위한 조언까지 핀테크에 관심 있는 이들이들이라면 반드시 알아야할 정보를 담았다. 



이 책은 총 9장으로 구성되어 있다. 1장에서는 ‘핀테크란 무엇인가’라는 주제로 핀테크의 정의와 기본 개념을 살펴보기로 한다. 2장 ‘누구도 알려주지 않는 뒷이야기들’에서는 핀테크를 본격적으로 알아보기 전에 그 등장 배경을 논의해보도록 한다. 3장에서는 핀테크의 분류와 예전 국내외 사례에 대해서 살펴볼 것이다. 4장에서는 핀테크의 사업적 측면과 사회적 측면의 양면성을 고찰해볼 것이다. 5장에서는 우리가 알아야 하는 국내외 핀테크 서비스를 소개하고자 한다.



 6장에서는 ‘우리 삶 속의 핀테크’라는 주제로 핀테크의 중요성에 대해 알아보고 7장에서는 미래 핀테크에 대한 전망과 그로써 바뀔 우리의 삶에 대해 언급한다. 그리고 8장에서는 지금까지 살펴봤던 핀테크 관련논의 중에서도 주목할 만한 최근의 동향을 이야기한다. 마지막 9장에서는 ‘핀테크가 가야 할 길’이라는 주제로 지금까지 다룬 내용을 정리하며 마무리한다."
1,"핀테크, 기회를 잡아라 (돈의 흐름을 바꾸는 금융 대혁명)",https://search.shopping.naver.com/book/catalog/32492750021,https://shopping-phinf.pstatic.net/main_3249275/32492750021.20230920073050.jpg,정유신^구태언,12600,한국경제신문사,20151028,9788947540506,"돈의 흐름이 바뀌고 있다!

핀테크는 Finance와 Technology를 합쳐서 보통 금융과 IT기술의 결합이란 뜻으로 쓰인다. 핀테크는 바로 ‘금융의 인터넷화’ 또는 ‘금융의 모바일화’다. 핀테크는 우리가 알게 모르게 금융 현상과 금융의 개념을 통째로 바꾸고 있다. 한마디로 금융의 인터넷화 모바일화가 빠르게 진행되어 영업점과 금융 서비스, 금융회사를 내 손안에 쥘 수 있는 것이다. 금융 일과를 대부분 스마트폰으로 할 수 있는 지금, 금융의 개념에 대해 다시 생각해야 할 때가 되고 있다는 얘기다. 

『핀테크, 기회를 잡아라』는 아직 핀테크 혁명을 피부로 체감하지 못하는 일반 비즈니스맨들을 위해 쉽게 풀어쓴 핀테크 안내서로, 핀테크 지원센터장과 첨단 IT산업 전문 변호사가  핀테크의 성공 열쇠를 알려주는 책이다.  저자들은 먼저 핀테크가 우리 비즈니스와 삶을 얼마나 바꿔놓을지를 짚어준다. 

그리고 그 변화를 토대로 돈의 흐름이 바뀌는 일대 변혁의 시점에서 우리가 잡을 수 있는 기회는 무엇이 있는지 전망한다. 마지막으로 핀테크 활성화 대책을 세우고는 있지만 국내 핀테크가 글로벌 서비스와의 치열한 경쟁 속에서 성공적으로 자리매김 하기 위해 필요한 적극적인 노력과 규제 완화, 특허 이슈에 대해 말하고 있다."
2,+F 전략: 공급망관리+핀테크 (불확실성의 시대에 꼭 필요한 리스크 관리 전략),https://search.shopping.naver.com/book/catalog/32445500608,https://shopping-phinf.pstatic.net/main_3244550/32445500608.20230920072526.jpg,김수욱,13500,처음북스,20180830,9791170221609,"경영 환경은 그 어느 때보다 빠르고 급박하게, 예기치 못하게 움직이고 있다. 그런데 우리의 경영 전략은 예전 그대로의 상태에 머무르고 있다. 지금까지 많은 경영 전략이 나왔지만, 돈의 흐름, 즉 금융 자체에 초점을 맞춘 전략은 없었다.
금융은 전략의 한 부분을 자그마하게 차지했을 뿐, 전사적인 노력을 그곳에 쏟아 붓지 못했다. 그래서 외환위기, 자금경색 등 실제로는 금융이 야기하는 위기에 대처하지 못했다.
그래서 태어난 +F 전략은 기존의 공급망관리 기법에 핀테크를 접목함으로써, 현대의 위기 상황에 담대히 대처하는 최신 기업 전략이다."
3,웹 3.0 시대 핀테크로 부자되기 (프로토콜 경제의 시작),https://search.shopping.naver.com/book/catalog/43586410640,https://shopping-phinf.pstatic.net/main_4358641/43586410640.20231031075823.jpg,이창현^이용훈,14400,보민출판사,20231108,9791192071862,"전 세계 경제, 사회, 문화의 급속한 변화 속에서 어떤 사람은 부를 창출하고, 누구는 사업에 실패하는지 이러한 혼탁한 세계 경제의 기상변화를 파악할 줄 아는 사람만이 살아남는 세상이다. 즉, 경제시장의 온기와 냉기를 판단하는 자가 승리할 것이다. 현재 우리는 웹 3.0 핀테크 시대에 살고 있다. 특히 현시대의 경제 흐름에서의 부(富)를 축척하는 방법은 바로 지식정보이다. 그래서 우리는 고급지식 정보화 시대에 살고 있으며, 정보를 어떻게 활용하고 입수하는가에 따라서 당신의 운명은 달라질 것이다. 이 책 「웹 3.0 시대 핀테크로 부자되기」를 통해 미래를 준비하는 지혜를 얻는다면 당신도 성공할 수 있고, 꼭 그렇게 성공하리라고 믿는다."
4,핀테크 기술용어 사전,https://search.shopping.naver.com/book/catalog/32466972779,https://shopping-phinf.pstatic.net/main_3246697/32466972779.20221019104722.jpg,비피기술거래^비피제이기술거래,22500,비티타임즈,20210719,9791163452942,"인문학을 전공한 분이나 초보자들이 관련 기술 일을 접할 때 용어 때문에 어려움이 많아 관련 기술에 대한 용어를 정리해보았다.
 관련된 시험을 준비하는 대학생, 비전공자들, 전공자들, 직장인들에게 도움이 되길 바란다.
 이 책은 핀테크와 관련된 용어를 정리해 보았다."
5,"핀테크 혁명, 리플이 승자다 (리플, 금융을 통역한다)",https://search.shopping.naver.com/book/catalog/32506009755,https://shopping-phinf.pstatic.net/main_3250600/32506009755.20220527024203.jpg,황춘일,16000,매경출판,20151220,9791155423653,"리플은 금융거래를 위한 인터넷 프로토콜(protocol)을 말한다. 리플은 돈을 전 세계 어디든지 시간과 장소에 상관없이 어떤 통화로도 즉시, 그리고 매우 저렴한 수수료로 송금과 지급을 할 수 있는 혁신적인 핀테크 기술이다."
6,"왜 지금 핀테크인가 (송금, 결제에서 인터넷 전문은행까지 손끝에서 이뤄지는 금융 신세계)",https://search.shopping.naver.com/book/catalog/32504578763,https://shopping-phinf.pstatic.net/main_3250457/32504578763.20220527045610.jpg,현경민,0,미래의창,20150810,9788959893454,"미래 금융을 디자인하는 핀테크 혁명의 모든 것!

『왜 지금 핀테크인가』는 금융과 ICT 분야에서 오랫동안 일해온 저자들이 생생한 현장 경험과 지식을 바탕으로 우리의 일상 깊숙이 파고들고 있는 핀테크 산업의 이모저모를 파헤친다. 특히 핀테크가 금융산업 전반을 어떻게 바꿔나가고 있는지 알기 쉽게 설명하고, 분야별 한국 핀테크 산업의 현황과 현주소를 제대로 짚어낸다.

최근 핀테크 산업의 가장 뜨거운 이슈인 인터넷 전문은행에 대해서도 다룬다. 인터넷 전문은행이란 은행 지점을 통한 대면 거래를 통하지 않고 인터넷을 주 영업 채널로 활용하는 은행을 의미한다. 이에 국내 인터넷 전문은행의 활성화와 발전을 위해서는 금산분리의 선별적 완화, 겸업주의 허용, 자기자본 기준의 완화 등 조심스런 규제 완화가 필요하다고 말한다."
7,핀테크 금융 서비스 가이드 (은행 혁신과 블록체인 이해),https://search.shopping.naver.com/book/catalog/32455976938,https://shopping-phinf.pstatic.net/main_3245597/32455976938.20221019115441.jpg,데비 모한,23750,청람,20220310,9788959728633,"핀테크는 금융 서비스 산업에서 가장 빠르게 성장하는 부문 중 하나로 부상했으며 전통적인 은행 업무를 근본적으로 파괴하였다. 하지만 양자 모두가 번성하기 위해서는 핀테크와 기존 기업의 문화가 경쟁에서 협업으로 바뀌어야 한다. 핀테크(Fintech) 금융 서비스 가이드는 은행과 핀테크 조직이 협력하여 더 빠르게 혁신하고 수익성을 높일 수 있는 방법을 보여주기 위해 성공적인 파트너십의 사례 연구를 사용하여 이러한 추세를 자세히 살펴본다.
경험 많은 핀테크 고문이자 인플루언서가 저술한 이 책은 이 흥미진진한 공간의 기본 개념과 레그테크, 로보어드바이저리, 블록체인, 개인 금융관리를 포함하여 등장한 주요 부문에 대해 설명한다. 현금관리, 규정 준수 및 세금과 같은 은행의 제품 및 비즈니스 영역과 매우 관련이 있는 기술 및 신생기업에 중점을 두고 은행-핀테크 협력의 성공과 실패를 살펴본다. 주요 시장에 대한 국제적 적용 범위와 함께 Fintech에 대한 금융 서비스 가이드는 은행 및 금융 서비스 회사가 핀테크 회사와 협력할 때 사용할 실용적인 지침, 사용 사례 및 비즈니스 모델을 제공한다."
8,서울시 핀테크 산업 육성전략,https://search.shopping.naver.com/book/catalog/33435976787,https://shopping-phinf.pstatic.net/main_3343597/33435976787.20230110162914.jpg,윤형호,6000,서울연구원,20160822,9791157001606,▶ 이 책은 서울연구원의 서울시 핀테크 산업 육성전략을 다룬 정부간행물입니다.
9,핀테크 산업분야 취업가이드 (네이버｜카카오뱅크｜카카오페이｜KG이니시스｜㈜비바리퍼블리카｜고위드),https://search.shopping.naver.com/book/catalog/38831987619,https://shopping-phinf.pstatic.net/main_3883198/38831987619.20230829085450.jpg,미래기술정보리서치,28800,비티타임즈,20230327,9791163454373,"취업에 대한 책이 많이 있지만 각 개별 회사위주로 소개가 되있는 책이 다반사이다. 이에 반해 본 책은 산업별로 회사들을 묶어서 산업에 대해 공부를 하고 기본용어부터 각 산업에 속한 회사에 대해 숙지하고 산업 전반을 이해하여 취업에 대비할 수 있도록 준비를 하였다.
 나무가 아닌 숲을 보고 준비를 하면 전체적인 취업준비에 도움이 될 것이다.

 요즘 취업문턱이 어려워 지면서 취업 준비에 많은 어려움이 있는데 본 책을 통해 원하는 분야와 직무 취업에 도움이 되길 바란다.

 핀테크  산업분야 취업가이드는  핀테크   산업분야와 관련된 회사와 직무, 산업에 대해 소개하였다."
0,금융플랫폼과 금융회사의 비즈니스 (핀테크 규제와 실무 2),https://search.shopping.naver.com/book/catalog/32443148262,https://shopping-phinf.pstatic.net/main_3244314/32443148262.20231119070953.jpg,예자선,29700,지식과감성#,20210315,9791165527433,"핀테크 미래 전망과 다른 나라 성공사례에 대한 이야기들. 그런데 우리나라에서 지금껏 일궈진 개별 서비스의 현재는 어떠할까? 금융서비스의 플랫폼화에 대한 규제의 태도와 강도는? 기울어진 운동장, 동일기능 동일규제 같은 추상적 용어들은 어떤 입장을 함축적으로 표현하기 위해 나왔겠지만, 구체적으로 무엇을 왜 어떻게 해야 하는지 알려주지 못하고 프레임으로 작동한다. 핀테크의 핵심은 기술을 비즈니스 모델에 현실성 있게 구현하는 것이어서 사업참여자들의 자격, 활동 범위와 방법을 제한하는 법적 테두리를 아는 것은 이 분야를 이해하기 위한 필수이다. 괜히 어렵게 느껴질 뿐 약간의 시간을 들여 구체적 내용을 읽어보는 것이야말로 가장 쉽고 빠르게 핵심에 도달하는 길이다. 『금융플랫폼과 금융회사의 비즈니스』 제도적 논의의 맥락을 이해하는 시간과 수고를 아껴주어 발전적 방향성을 만드는데 밑거름이 되기를 기대한다."
1,서울시 핀테크 허브 역량 진단과 발전 방향,https://search.shopping.naver.com/book/catalog/45311375621,https://shopping-phinf.pstatic.net/main_4531137/45311375621.20240123070849.jpg,김묵한^유인혜,8000,서울연구원,20231222,9791157008001,이 책은 서울연구원의 서울시 핀테크 허브 역량 진단과 발전 방향을 다룬 정부간행물입니다.
2,핀테크와 디지털뱅크 (금융의 새로운 패러다임),https://search.shopping.naver.com/book/catalog/32492670664,https://shopping-phinf.pstatic.net/main_3249267/32492670664.20220527080912.jpg,김인현,0,투이컨설팅,20150713,9788996359814,"『핀테크와 디지털뱅크』는 핀테크 시대를 맞아 금융회사 전략(Digital Disruption)을 담은 핀테크 백서이다. 이 백서는 총 5부와 별첨으로 구성되어 2015년 금융계 화두가 되고 있는 핀테크의 이해를 돕고, 방대한 비금융ㆍ금융권 관련 사례 및 규제성 제도를 설명하고 있다."
3,달러스왑 핀테크만으로 800% 수익 난다! (5大 자산시장 순환투자공식),https://search.shopping.naver.com/book/catalog/47016240627,https://shopping-phinf.pstatic.net/main_4701624/47016240627.20240414071125.jpg,손대식,32400,지식과감성,20240415,9791139217698,"재테크 전문가들은 주식과 아파트에 장기투자하면 누구나 다 부자가 된다고 말한다.
그러나 장기투자해서 망한 자가 99%다.
장기투자하면 할수록, 오히려 더 망한다는 사실을 알아야 한다.
그럼, 장기투자로 성공했다는 워런 버핏이 거짓말을 했단 말인가?
아니다!
그는 미국인이다!
우리들은 非미국인이고.
미국인과 비미국인은 투자 방법이 서로 달라야 한다.
즉, 미국식 재테크기법과 비미국식 재테크기법은 완전히 달라야 한다.
그 이유를 세계 최초로 자세히 설명한다.
재테크를 할 때 일정한 투자공식만 있다면 돈을 불려 가는 것은 너무 쉬운 일이 된다.
공식을 따라서 투자하기만 하면 되기 때문이다.
모든 공식이든, 항상 그 결과가 같아야 공식이 될 수 있다.
펜타곤(Pentagon) 투자법은 세계 최초의 자산시장 순환투자 공식이다.
따라서 펜타곤 투자법에 따라 투자하면, 그야말로 눈 감고 투자해도 부자가 된다.
어려운 재테크가 너무 쉬워진다.
이처럼 쉬운, 투자에 관한 공식을 만들려면 일정한 규칙성을 가진 투자자산 간 사이클 패턴을 찾아 공식화하면 된다. 그 후 이 공식에 따라 투자하기만 하면 부자가 되는 것은 너무나 간단한 일이 된다.

이 5대 자산 시장의 순환투자법칙을 알면, 돈을 잃는 자는 아무도 없고 누구나 다 부자가 된다. 그야말로 세상은 부자들만 사는 천국이 된다.
미국의 ‘마켓 사이클의 법칙’의 대가라는 Howare Marks도 만들어 내지 못한 투자공식.
자산 시장의 사이클 순환투자공식을 세계 최초로 만들어 냈다!

재테크 대상 5대 자산인 주식·아파트·달러·예금·국채에만 투자하되, 항상 순서에 따라 투자해야 한다.

재테크는 규칙에 따라야 한다.
재테크는 과학이며, 규칙이다.
달러스왑, 핀테크만으로 800% 수익 난다!(5大 자산시장 순환투자공식) 펜타곤 투자법을 항상 따라야 투자에 성공한다.

저자는 50년간 자산 시장에 투자하고 30년간 본격 연구하며 투자해 온 퇴역한 KBS 시사교양 전문PD이다. 이 책은 세계 최초로 정리한 자산시장의 재테크 공식을 최초로 소개하는 책이다. 같은 제목으로 미국 Amazon.com에서도, 85$에 이미 판매 중이다.

이제 Dollar Swap, Fintech만으로 8배로 재산을 불려 갈 수 있다.
여기에다가 국채와 Dollar Swap까지 제대로 한다면
최대 16배나 수익을 올리는 방법도 최초로 공개한다."
4,Live 과학 첨단과학 15: 핀테크와 가상화폐,https://search.shopping.naver.com/book/catalog/47296167629,https://shopping-phinf.pstatic.net/main_4729616/47296167629.20240427092206.jpg,최재훈,11700,천재교육,20240422,9791125977940,"사라진 데이터를 복구하여 최고의 과학 문명을 건설하라!

먼 우주의 행성 빅토피아에는 빅터라는 종족이 살고 있다. 그들에겐 ‘은하계 동쪽 푸른 행성의 문물을 받아들이면 우주 최고의 과학 문명이 탄생한다.’라는 예언이 전해져 오고, 그 행성은 지구로 추측되었다. 빅터들은 탐사 로봇을 지구로 파견하여 과학 문물을 수집토록 하고, 전송된 데이터를 가상 현실로 똑같이 재현하여 번영을 누렸다.
그러던 어느 날 원인을 알 수 없는 사고로, 빅토피아에 전해졌던 모든 지구의 데이터와 그 데이터로 구현된 가상 현실이 몽땅 사라지고 말았다. 이에 과학자 빅터들은 로봇 아라와 누리를 지구로 보내 첨단 과학 기술 데이터를 모았고, 빅토피아는 비록 가상이지만 지구의 외관과 비슷한 모양을 갖추게 되었다. 하지만 빅토피아에서 미처 수집하지 못한 무수한 생명과 자연, 우주의 원리들은 아직 남아 있는데…. 과연 아라와 누리는 지구의 과학 데이터를 무사히 수집하여 빅토피아의 영광을 되찾을 수 있을까?

〈LIVE 과학 첨단과학 15 핀테크와 가상화페〉에서는
인터넷과 모바일 뱅크, 그리고 가상화폐와 블록체인의 과학적 원리를 살펴보고, 미래 경제 활동에 어떤 영향을 줄 것인지 예측해 볼 수 있습니다."
5,디지털 금융시대와 핀테크산업 (부산 금융 중심지의 미래),https://search.shopping.naver.com/book/catalog/32467639622,https://shopping-phinf.pstatic.net/main_3246763/32467639622.20221227210123.jpg,전광우,18000,세계경제연구원,20191022,9791189141172,"핀테크산업의 급부상, 금융기술과 경영시스템 재편 

오늘날 4차산업혁명의 본격화로 금융서비스 산업은 유례없는 혁신적 발전과 구조적 변화를 맞고 있다. 핀테크산업의 급부상은 금융기술과 경영시스템을 재편하면서 미증유의 사업 기회와 함께 금융당국에 새로운 도전이 되고 있다. 당면한 상황은 디지털 금융으로의 패러다임 변화에 역동적으로 앞서가는 선발 국가들에 비해 다소 늦어진 한국에 중요한 메시지를 던지고 있다. 이러한 배경하에 저희 세계경제연구원은 ‘디지털 금융시대와 핀테크 산업: 부산 금융중심지의 미래’를 주제로 2019년 5월 26~27일 부산에서 국제금융 컨퍼런스를 개최했다. 컨퍼런스에는 4개 세션에 걸쳐 총 30분의 국내외 최고 전문가들이 기조연설, 발표 및 토론자로 참여하고 약 500명의 청중이 참석한 매우 유익하고 생산적인 국제행사가 되었다."
6,핀테크 산업분석보고서 (첨단 IT 기술을 접목한 핀테크 기술은 금융시장을 어떻게 변화시킬 것인가?),https://search.shopping.naver.com/book/catalog/32504739226,https://shopping-phinf.pstatic.net/main_3250473/32504739226.20220527051357.jpg,비피기술거래,0,비티타임즈,20170313,9791188050048,『핀테크 산업분석보고서』는 금융과 정보통신기술의 결합을 통한 새로운 상품이나 서비스를 의미하는 핀테크의 기술 사례부터 가장 화두가 되고 있는 인터넷 전문은행까지 자세히 다룬다.
7,중국경제와 금융의 이해 (국유은행과 핀테크 은행의 공존),https://search.shopping.naver.com/book/catalog/32467122315,https://shopping-phinf.pstatic.net/main_3246712/32467122315.20230926085121.jpg,서봉교,18000,오래,20180130,9791158290320,▶ 이 책은 중국경제와 금융의 이해에 대해 다룬 도서입니다. 중국경제와 금융의 이해의 기초적이고 전반적인 내용을 학습할 수 있도록 구성했습니다.
8,핀테크에 의한 금융혁신 양상과 시사점 (연구보고서 21-3),https://search.shopping.naver.com/book/catalog/32441768718,https://shopping-phinf.pstatic.net/main_3244176/32441768718.20221019151406.jpg,이성복,9500,자본시장연구원,20210208,9788960892682,▶ 이 책은 자본시장연구원의 핀테크에 의한 금융혁신 양상과 시사점을 다룬 정부간행물입니다.
9,"미래유망산업분야 기술용어사전 (인공지능, 바이오, 핀테크, 빅데이터, 수소산업)",https://search.shopping.naver.com/book/catalog/41172653620,https://shopping-phinf.pstatic.net/main_4117265/41172653620.20230725120806.jpg,비피기술거래^비피제이기술거래,59400,비티타임즈,20230719,9791163454007,"인문학을 전공한 분이나 초보자들이 관련 기술 일을 접할 때 용어 때문에 어려움이 많아 관련 기술에 대한 용어를 정리해보았다.
관련된 시험을 준비하는 대학생, 비전공자들, 전공자들, 직장인들에게 도움이 되길 바란다.
이 책은 미래유망산업분야인 인공지능, 바이오, 핀테크, 빅데이터, 수소산업과 관련된 용어를 정리하였다."
0,핀테크에코시스템 혁신을 잡아라,https://search.shopping.naver.com/book/catalog/32436022891,https://shopping-phinf.pstatic.net/main_3243602/32436022891.20221229074516.jpg,양효은,15640,박영사,20191115,9791130308340,"『핀테크에코시스템 혁신을 잡아라』는 핀테크에코시스템에 대해 다룬 도서로서 핀테크에코시스템의 기초적이고 전반적인 내용을 확인할 수 있도록 구성하였으며 '핀테크, 기술인가 문화인가', '핀테크 에코시스템, 혁신을 모셔라', '핀테크 에코시스템, 핵심을 잡아라'라는 주제로 목차를 나누어 핀테크에코시스템에 대해 설명한다."
1,금융혁명과 전사들 (성공기업에게 배우는 실전 핀테크),https://search.shopping.naver.com/book/catalog/32497849067,https://shopping-phinf.pstatic.net/main_3249784/32497849067.20221228073546.jpg,기타오 요시타카,14400,뉴스1(news1),20170927,9791196173104,"모바일 메신저로 축의금을 보내고, 은행원들의 눈치를 보지 않고 휴대폰으로 수백만원 대출을 받는 것이 신기하다면 당신은 디즈니랜드 출입문에 서서 놀란 아이와 같다. 카카오뱅크 돌풍은 시작일 뿐 핀테크의 마술은 이미 크게 진화했다. 이 책은 핀테크가 열고 있는 새로운 세계와 주인공 16개 선도 기업들의 이야기를 정리한 것이다. 금융혁명의 전사들은 무엇을 해왔고 무엇을 노리고 있는가? 금융의 성공 법칙을 바꾸고 있는 16개 기업들이 스스로 소개한다."
2,Fintech 3.0 (핀테크 혁명과 금융의 미래),https://search.shopping.naver.com/book/catalog/32504257051,https://shopping-phinf.pstatic.net/main_3250425/32504257051.20220530160302.jpg,김종현,0,한국금융연수원,20170418,9788928720682,[Fintech 3.0]은 핀테크 혁명과 금융의 미래에 대해 소개하는 책이다.
3,핀테크(Fintech) 3.0 (핀테크 혁명과 금융의 미래),https://search.shopping.naver.com/book/catalog/32485479625,https://shopping-phinf.pstatic.net/main_3248547/32485479625.20220530154518.jpg,김종현,0,한국금융연수원,20150831,9788928714339,"핀테크3.0은 최근 금융업계의 화두로 부상하고 있는 핀테크의 개념 및 주요 비즈니스 모델들의 특징을 생생한 기업사례와 함께 전문용어보다는 일상적인 단어들로 알기 쉽게 설명하여 핀테크에 대한 사전 지식이 없는 분들도 쉽게 이해할 수 있도록 제작된 핀테크 전문서이다.

  저자는 현재 민간 금융연구소의 선임연구위원으로 재직하면서 그동안 쌓은 연구경험과 전문지식을 바탕으로 핀테크 산업과 기업에 대한 심층적인 분석을 통해 독자 여러분께서 궁금해 하는 다양한 핀테크 이슈들을 발굴하고 핀테크 산업에 종사하는 분들에게 실질적으로 도움이 되는 정보를 전달하는 데 집필의 초점을 맞췄다."
4,핀테크(Fintech) 3.0 (핀테크 혁명과 금융의 미래),https://search.shopping.naver.com/book/catalog/32492190208,https://shopping-phinf.pstatic.net/main_3249219/32492190208.20220530152004.jpg,김종현,0,한국금융연수원,20160905,9788928717644,▶ 이 책은 핀테크에 대해 다룬 이론서입니다. 핀테크의 기초적이고 전반적인 내용을 학습할 수 있도록 구성했습니다.
5,"스마트워크에서 핀테크까지 (스마트 시대, 스마트 강사와 함께하는)",https://search.shopping.naver.com/book/catalog/32445184253,https://shopping-phinf.pstatic.net/main_3244518/32445184253.20221019132419.jpg,조대연,13500,에스엔에스소통연구소,20220221,9791170461098,"책을 내면서...
대한민국 국민 5,182만명!
스마트폰 개통대수 7,600만대!

이번에 출간하는 책은 13년 동안 뉴미디어 마케팅 교육(스마트폰, SNS마케팅 등)을 해오고 있는 SNS소통연구소에서 시니어 실비분들의 즐거운 인생을 위해 시니어 실버가 보기 편하게 제작한 책입니다.

책 크기도 A4 크기이고 글자 크기도 14포인트로 제작해 시니어 실버분들이 책을 보는 데 있어 매우 편하게 되어 있습니다.

SNS소통연구소는 13년 동안 시니어 실버들에게 스마트폰 활용 교육을 하면서 꼭 필요한 스마트폰 활용 기능이 무엇인지 누구보다도 잘 알고 있습니다. 

따라서 SNS소통연구소에서 발행한 이 책은 스마트폰 활용을 잘 못하시는 시니어 실버 분들에게 훌륭한 스마트폰 기본 활용의 지침서가 될 것입니다.

스마트폰 기초편, 중급편, 고급편 3종의 시리즈로 제작되어 있는 이 책은 수준별로 선택해서 보실 수 있습니다.

스마트폰 기초편에서는 스마트폰 기본 활용, 카메라 활용, 인공지능 서비스, 유튜브 활용, 키오스크 및 줌(ZOOM) 활용등에 대한 설명이고 스마트폰 중급편에서는 이미지 합성 앱 활용하기, 카드뉴스 만들기, 인공지능 카메라 필터 및 보정앱 활용하기, UCC 영상 편집 등을 담아내고 있으며 스마트폰 고급편에서는 스마트폰 요금제 및 보험 선택하는 법, 번역 및 여행 앱 활용하기, 쇼핑몰 활용하기, 결제 서비스 활용하기, 교통 앱 활용하기, 스마트워크 앱 활용하기에 대해서 다루고 있습니다.

전국에서 스마트폰 활용 교육을 하고 계시는 스마트폰 강사님들도 이 책을 스마트폰 활용 교육 시 교재로 사용하시면 강사님과 수강생 분들에게 많은 도움이 되실 거라 자부합니다.

SNS소통연구소는 2010년도부터 스마트폰 활용 교육을 전문적으로 해오고 있습니다. 스마트폰 교육 전문가를 양성하기 위해서 국내 최초로 스마트폰 강사 자격증인 [ 스마트폰 활용지도사 ] 교육을 통해 현재까지 2,500명 이상 되는 분들을 양성했습니다.

자격을 취득하고 훈련을 통해 전문가로 거듭난 [ 스마트폰 활용지도사 ] 선생님들은 전국
각 기관 및 단체에서 왕성히 활동을 하고 있습니다.

이번 책 구성도 전국에서 강의를 하는 스마트폰 활용지도사 선생님들의 교육 커리큘럼을 참고 해서 탄생하게 된 것입니다.

필요로 하는 전부를 담아내지는 못하지만 그래도 이번 책을 통해 스마트폰 활용 교육 강사님들이나 수강생들 모두에게 도움이 되었으면 좋겠습니다.

SNS소통연구소가 항상 강조하고 있는 ""스마트폰 제대로 배우고 익히면 인생이 즐거워지고 비즈니스가 풍요로워집니다!""를 대한민국 국민 모두가 공감하고 제대로 스마트폰 활용을 하셨으면 하는 바람이 간절합니다."
6,핀테크 산업분야 주식투자 가이드,https://search.shopping.naver.com/book/catalog/32494066736,https://shopping-phinf.pstatic.net/main_3249406/32494066736.20230920073112.jpg,비티타임즈 편집부,27000,비티타임즈,20210426,9791163452614,"주식에 대한 책이 많이 있지만 챠트나 그래프등에 대한 분석 방법등 숲이 아닌 나무를 보는 방법을 가르쳐 주는 책이 다반사이다. 이에 반해 본 책은 산업별로 추천 기업들을 묶어서 산업에 대해 공부를 하고 기본용어부터 각 산업에 속한 회사에 대해 숙지하고 산업 전반을 이해하여 산업과 기업에 대해 분석할 수 있도록 하였다.

 나무가 아닌 숲을 보고 분석을 하면 큰 틀에서 기업분석과 투자에도 도움이 될 것이다.

 요즘 주식에 대한 열풍이 불면서 많은 분들이 주식투자와 주식공부에 뛰어들고 있는데, 어려운 주식시장에서 본 책을 통해 스스로 산업을 분석하고 기업을 선택하는데 도움이 되길 바란다.

 핀테크 산업분야 주식투자가이드는 주식에 관한 기초부터, 핀테크 산업 분야와 관련된 용어, 산업전망, 관련 추천 기업에 대해 소개하였다."
7,핀테크 산업분야 취업가이드,https://search.shopping.naver.com/book/catalog/32466973798,https://shopping-phinf.pstatic.net/main_3246697/32466973798.20230324110836.jpg,미래기술정보리서치,30000,미래기술정보리서치,20210215,9791191418002,"핀테크 산업분야 취업가이드는 핀테크 산업분야와 관련된 회사와 직무, 산업에 대해 소개하였다.

취업에 대한 책이 많이 있지만 각 개별 회사위주로 소개가 되있는 책이 다반사이다. 이에 반해 본 책은 산업별로 회사들을 묶어서 산업에 대해 공부를 하고 기본용어부터 각 산업에 속한 회사에 대해 숙지하고 산업 전반을 이해하여 취업에 대비할 수 있도록 준비를 하였다.
나무가 아닌 숲을 보고 준비를 하면 전체적인 취업준비에 도움이 될 것이다.
요즘 취업문턱이 어려워 지면서 취업 준비에 많은 어려움이 있는데 본 책을 통해 원하는 분야와 직무 취업에 도움이 되길 바란다."
8,핀테크 규제와 실무(2020) (지급결제와 본인증편),https://search.shopping.naver.com/book/catalog/32484946668,https://shopping-phinf.pstatic.net/main_3248494/32484946668.20220527054409.jpg,예자선,0,삼일인포마인,20200504,9788959428670,"온·오프라인 결제와 송금, 본인확인서비스와 전자서명(인증서)에 대한 총정리

● 제1장 지급결제란 - 개념, 결제와 송금용 전자지급수단의 차이, 선·직불 융합, 선불·전자자금이체의 구별
● 제2장 라이선스 - 신용카드, VAN과 PG, 카드수수료, 직불카드와 선불카드, 리베이트 금지 등 
● 제3장 비즈니스 모델 - 간편결제사업자, 오픈마켓, O2O, 인앱, 오프라인 결제, 교통결제, 해외결제, 모바일고지
● 제4장 현안 - 현금영수증, 본인확인과 전자서명, CI, AML, 오픈뱅킹, 마이데이터, 샌드박스
● 제도에 대한 제언"
9,4차 산업혁명시대 핀테크 개인정보보호 (핀테크 기업과 이용자를 위한 개인정보보호 핵심 가이드),https://search.shopping.naver.com/book/catalog/32485091903,https://shopping-phinf.pstatic.net/main_3248509/32485091903.20221019123451.jpg,백남정,13500,지식플랫폼,20190320,9791188910120,"""가상화폐, 블록체인 등에 관한 핀테크 뉴스가 넘쳐나고 있다. 4차 산업혁명의 발전은 핀테크와 관련되어 있기 때문이다. 핀테크의 발전은 우리의 생활을 혁신적으로 변화하게 할 것이다. 현재의 금융 형태가 가까운 미래에 사라지고 새로운 형태가 나타날 것이다. 벌써 카카오페이나 토스를 통해서 금융거래도 놀라운 변화를 일으키고 있다.
이러한 핀테크 기술의 핵심에 개인정보보호가 있다. 아무리 뛰어난 기술이라고 하더라도 개인정보보호에 문제가 발생하면 사용할 수 없다. 이러한 기술은 법적으로 많은 규제가 이루어지고 해당 산업은 더 발전하기가 어려울 것이다. 다양한 기술의 핀테크 시대를 제대로 열기 위해서는 개인정보보호라는 열쇠가 필요하다. 개인정보보호를 잘 이해하고 있어야 기술의 발전을 이끌어 갈 수 있다. 
이 책은 기업의 실무자나 관련 기술의 이용자들이 참조할만한 내용으로 구성되어 있다. 특히 법적으로 요구되는 문제들을 다루고 있다. 실무자들이 이러한 문제들을 이해하고 있지 못하면 자칫 실수할 수 있다. 이로 인한 피해는 매우 클 수 있다. 저자는 핀테크 분야의 개인정보보호에 대한 해박한 지식과 현장의 경험으로 실무자들이 꼭 알아야 하는 개인정보보호에 대해서 쉽게 설명하고 있다. 또한, 이용자 역시 꼭 이해해야 할 내용을 담고 있다. 이 책은 핀테크 기업의 실무자와 이용자를 위한 개인정보보호 핵심 가이드가 될 수 있을 것이다."""
0,"4차산업 기업·스타트업 주소록(2023)(CD) (IOT, VR, 가상현실, 블록체인, 빅데이터, 스마트팜, 스타트업, 앱개발, 인공지능, 증강현실, 핀테크 등 약 3만 건 수록)",https://search.shopping.naver.com/book/catalog/40060224618,https://shopping-phinf.pstatic.net/main_4006022/40060224618.20230530082947.jpg,한국콘텐츠미디어 편집부,215100,한국콘텐츠미디어,20230501,8809496290337,"4차산업 기업·스타트업 주소록을 분야별, 지역별로 18,460건, IT기업 상세정보를 업종별, 지역별로 11,551건을 수록했습니다.
※엑셀 파일로 사용자가 편리하게 수정·편집·출력할 수 있습니다."
1,4차 산업혁명과 글로벌 핀테크 for 창업,https://search.shopping.naver.com/book/catalog/32466940920,https://shopping-phinf.pstatic.net/main_3246694/32466940920.20221019134901.jpg,김영국,28420,박영사,20181230,9791130306773,▶ 창업에 관한 내용을 담은 전문서적입니다.
2,"금융시장의 이해 (핀테크금융.인터넷전문은행의 이해, 7판)",https://search.shopping.naver.com/book/catalog/32490334721,https://shopping-phinf.pstatic.net/main_3249033/32490334721.20221231084010.jpg,이요섭,18000,연암사,20170831,9791155580271,"금융시장의 이해 제7판은 금융환경을 아우르는 금융시장 영역을 15장으로 나누어 학습하기 유용하도록 체계화하였으며, 국내·외의 적절한 사례연구와 심층연구를 배치하여 학생들이 다양한 지식을 익힐 수 있도록 구성하였다. 특히 요소요소에 사용된 그림과 다양한 도표들을 활용하여 처음 금융시장을 접하는 학생들도 쉽게 이해할 수 있도록 배려하였다."
3,"기업 클라우드 IT 전략 (빅데이터, 사물인터넷, 핀테크의 인프라 전략)",https://search.shopping.naver.com/book/catalog/32483321820,https://shopping-phinf.pstatic.net/main_3248332/32483321820.20221229073831.jpg,조문증,16200,21세기사,20160410,9788984686564,"클라우드는 일시적인 기술 트렌드가 아니라 기업의 IT를 현대화, 고도화하는 과정으로 기업 IT 전략이 지향하는 방향이다. 기업들은 클라우드 전환을 통해 경영활동에서 IT의 부담을 덜고, 기업의 핵심 사업에 집중할 수 있다. 더 나아가 클라우드를 기반으로 빅데이터, 사물인터넷, 인공지능, 핀테크 등으로 사업 범위를 확대할 수 있다. [기업 클라우드 IT 전략]은 기업 IT 전략 관점에서 클라우드의 의미를 정리하고, 각 기업에 맞는 클라우드 전략을 수립하는 과정, 계획하고 실행하는 과정, 그리고 최종적으로 운영을 통해 경영 성과를 만들어내는 과정을 단계별로 설명한다. 각 단계마다 구체적이고, 적용 가능한 실행 가이드를 제공하여 기업이 직접 활용할 수 있도록 하였다."
4,김변이 알려주는 핀테크의 비밀 (2021) (알아야 돈이 보인다),https://search.shopping.naver.com/book/catalog/32445283420,https://shopping-phinf.pstatic.net/main_3244528/32445283420.20221227205833.jpg,김도형,14400,삼일인포마인,20210302,9788959429394,"앞으로는 핀테크의 시대, 한국은 치열한 경쟁에서 어떻게 살아남을 것인가

[특 장 점]

● 기존의 핀테크 관련 서적들 거의 대부분 기술이나 산업에 대해 다룬 반면, 법률과 규제의 관점에서 핀테크 산업을 바라 본 국내 유일의 도서
● P2P 금융의 발전 과정, 각종 사건사고, 법제화에 이르기까지의 P2P 금융과 관련한 주요 이슈들을 망라한 책
● 인터넷전문은행의 탄생 배경 및 경과, 은산분리 제도와 관련한 각종 논의, 이후 특별법 통과를 통한 은산분리 제도 완화 등 드라마틱하게 변화되어 온 인터넷전문은행 관련 각종 사건들을 알기 쉽게 정리
● 데이터 3법, 금융규제 샌드박스, 그 밖의 핀테크 관련 법제도에 대해 알기 쉽게 설명하였고, 핀테크 산업이 발전하기 위해서는 규제 완화가 필요함을 역설 
● 법규 및 규제의 변화가 핀테크 산업에 어떻게 영향을 미치는지를 사례를 통해 구체적으로 확인해 볼 수 있으며, 이를 통해 앞으로 정책이나 입법이 나아가야 할 방향을 점검해 볼 수 있음

[주제요약]

● P2P 금융 관련 법규, 무엇이 있으며 어떻게 변화되어 왔는가?
● P2P 대출 상품 투자시 유의 사항
● 인터넷전문은행과 은산분리 규제
● 데이터 3법, 금융규제 샌드박스의 주요 내용
● 핀테크 분야 관련 기타 법규
● 핀테크 산업의 전망
● 공유자동차서비스업과 관련한 법규
● 핀테크 산업 발전을 위한 규제 완화의 필요성"
5,"핀테크 3.0: 핀테크 혁명과 금융의 미래 (핀테크 혁명과 금융의 미래, 5판)",https://search.shopping.naver.com/book/catalog/32505091663,https://shopping-phinf.pstatic.net/main_3250509/32505091663.20220530161058.jpg,김종현,0,한국금융연수원,20190809,9788928725755,▶ 핀테크 혁명과 금융의 미래에 관한 내용을 담은 전문서적입니다.
6,김변이 알려주는 핀테크의 비밀 (알아야 돈이 보인다),https://search.shopping.naver.com/book/catalog/32506486443,https://shopping-phinf.pstatic.net/main_3250648/32506486443.20220527062457.jpg,김도형,0,삼일인포마인,20190701,9788959427710,"앞으로는 핀테크의 시대, 한국은 치열한 경쟁에서 어떻게 살아남을 것인가

[특 장 점]

● 기존의 핀테크 관련 서적들 거의 대부분 기술이나 산업에 대해 다룬 반면, 법률과 규제의 관점에서 핀테크 산업을 바라 본 국내 유일의 도서
● P2P 금융업의 초기 태동부터 폭발적인 성장, 그 이후 발생한 여러가지 사건 사고, P2P 금융업의 법제화 논의 및 3차에 걸친 P2P 대출 가이드라인 등 P2P 대출과 관련한 주요 이슈들을 망라한 책
● 인터넷전문은행의 탄생 배경 및 경과, 은산분리 제도와 관련한 각종 논의, 이후 특별법 통과를 통한 은산분리 제도 완화 등 드라마틱하게 변화되어 온 인터넷전문은행 관련 각종 사건들을 알기 쉽게 정리
● 암호화화폐, 블록체인 등과 관련한 입법·사법·행정부의 입장을 확인하고, 국민들의 관점에서 이들을 어떻게 접근할 것인지에 대한 가이드를 제시 
● 핀테크 분야에 관한 정부 정책들이 총망라되어 있어 앞으로의 핀테크 산업의 변화상을 예상해 볼 수 있음

[주제요약]

● P2P 금융 관련 법규, 무엇이 있으며 어떻게 변화되어 왔는가?
● P2P 대출 상품 투자시 유의 사항
● 인터넷전문은행과 은산분리 규제, 어떤관계인가?
● 암호화화폐, 블록체인 등과 관련한 입법부·사법부·행정부의 입장은?
● 핀테크 분야 법규 어떻게 바뀔 것인가?
● 핀테크 산업의 전망은?
● 우리나라에서 '우버'는 안되고, '타다', '카카오블랙' 등은 되는 이유?
● 금융과 핀테크 산업이 발전하기 위해 규제완화는 반드시 필요한가?"
7,김변이 알려주는 핀테크의 비밀,https://search.shopping.naver.com/book/catalog/32466653975,https://shopping-phinf.pstatic.net/main_3246665/32466653975.20220527082027.jpg,김도형,17100,삼일인포마인,20190124,9788959427123,▶ 경제전망에 관한 내용을 담은 전문서적입니다.
8,블록체인 구조와 이론 (예제로 배우는 핀테크 핵심 기술),https://search.shopping.naver.com/book/catalog/32496632059,https://shopping-phinf.pstatic.net/main_3249663/32496632059.20230201071021.jpg,아카하네 요시하루,0,위키북스,20170623,9791158390662,"프라이빗 블록체인을 포함한 전반적인 블록체인 기술에 대해 설명한다. 블록체인 기술을 둘러싼 전 세계 동향과 대표적인 플랫폼을 예제 코드와 함께 다루고 있다. 부록으로 최신 Hyperledger Fabric v1.0이 소개되고 있어, 도입을 검토하는 기획자부터 블록체인 기반의 시스템을 개발해야 하는 개발자들이 블록체인의 기본 개념을 익히기에 적합하다."
9,"블록체인, 암호화폐 자금세탁방지 (실무자를 위한 핀테크 자금세탁방지 가이드)",https://search.shopping.naver.com/book/catalog/32466926487,https://shopping-phinf.pstatic.net/main_3246692/32466926487.20230920072447.jpg,백남정,16200,지식플랫폼,20191104,9791188910229,"암호화폐 거래소와 지갑 회사들이 반드시 알아야 할 자금세탁방지 이슈와 해결책

최근 페이스북의 리브라, 카카오톡의 클레이튼, 중국의 법정 가상화폐, FATF(국제자금세탁방지기구)까지 뉴스를 장식하고 있다. 사람들은 경제 시스템을 재편하게 될 암호화폐의 미래에 대해 많은 관심을 가지고 있음에도 불구하고, 현실적으로 블록체인에 대한 이해가 부족하고 암호화폐에 대한 인식의 왜곡도 심각하다.
아직까지 아무도 다루지 않은 블록체인, 암호화폐 자금세탁방지에 대해 자금세탁의 기초 이론부터 자금세탁방지 솔루션 업계 최신 동향을 생생히 담아내어 암호화폐와 핀테크의 자금세탁방지 실무와 솔루션 기업들의 방향을 구체적으로 제시하고 있다. 암호화폐 거래소 차일들리(dovewallet.com) 자금세탁방지 책임자이며 정보보호전문가인 저자의 암호화폐 자금세탁방지에 대한 혜안을 함께 알아볼 수 있다.
또한, 가상자산(암호화폐) 거래소의 난제인 트래블 룰을 해결한 유스비(useb)부터 디파이(탈중앙화 금융시스템), DID(탈중앙화 신원확인 시스템), 텀블러와 믹싱까지 블록체인에 관심 있는 사람이 꼭 알아야 할 내용으로 구성되어 있다."
0,"핀테크 혁신, 미래 산업과 금융의 판을 바꾸다 (한국 핀테크 산업의 현주소와 차기 정부의 과제)",https://search.shopping.naver.com/book/catalog/32441626291,https://shopping-phinf.pstatic.net/main_3244162/32441626291.20230920072404.jpg,이석근,13320,북랩,20170323,9791159874833,"[핀테크 혁신, 미래 산업과 금융의 판을 바꾸다]는 한국 핀테크 산업의 현 실태와 문제점, 그리고 해결방안을 전하며 한참 뒤쳐진 한국 핀테크 산업의 발전과 금융 산업의 혁신을 이루기 위한 방법을 제시하고 있다. 금융업계 종사자뿐만 아니라 ‘핀테크’라는 새로운 문명의 이기를 향유하게 될 우리 모두에게 훌륭한 길라잡이 역할을 할 것으로 기대된다."
1,핀테크 산업분석보고서(2019) (개정판),https://search.shopping.naver.com/book/catalog/32436022908,https://shopping-phinf.pstatic.net/main_3243602/32436022908.20220527024336.jpg,비피기술거래^비피제이기술거래,59400,비티타임즈,20190325,9791163450801,"빅데이터, 사물인터넷 등 4차 산업혁명 시대가 도래하면서 빠질 수 없는 기술이 바로 ‘핀테크(Fin Tech)’이다. 

핀테크는 금융과 정보통신기술의 결합을 통한 새로운 상품이나 서비스를 의미하며, 핀테크가 서비스하는 영역은 돈을 보관해주고 빌려주고, 결제, 송금, 자산관리, 크라우드 펀딩 등 은행이 할 수 있는 대부분의 업무가 해당된다고 볼 수 있다. 

해외에서 핀테크는 몇 년 전부터 이미 뜨거운 시장이었으며, 늦게나마 우리나라 또한 네이버 페이, 카카오 페이, 페이코 등 핀테크 시장의 경쟁이 치열하게 시작되고 있다.

이에 2017년 10월에 발간된 ‘핀테크 산업분석보고서’를 최신 동향에 맞춰, 2019년도 개정판이 출간되었다. 본 보고서에서는 핀테크의 기술 동향 및 시장부터 가장 화두가 되고 있는 인터넷 전문은행까지 자세히 다루고 있다."
2,핀테크 산업분석보고서(2018) (개정판),https://search.shopping.naver.com/book/catalog/32491385774,https://shopping-phinf.pstatic.net/main_3249138/32491385774.20220527035020.jpg,비피기술거래,54000,비티타임즈,20171106,9791188050369,"빅데이터, 사물인터넷 등 4차 산업혁명 시대가 도래하면서 빠질 수 없는 기술이 바로 ‘핀테크(Fin Tech)’이다. 
핀테크는 금융과 정보통신기술의 결합을 통한 새로운 상품이나 서비스를 의미하며, 핀테크가 서비스하는 영역은 돈을 보관해주고 빌려주고, 결제, 송금, 자산관리, 크라우드 펀딩 등 은행이 할 수 있는 대부분의 업무가 해당된다고 볼 수 있다. 
해외에서 핀테크는 몇 년 전부터 이미 뜨거운 시장이었으며, 2014년 한 해 동안 핀테크 분야에 쏟아진 투자금은 34억 달러라고 한다. 늦게나마 우리나라 또한 네이버 페이, 카카오 페이, 페이코 등 핀테크 시장의 경쟁이 치열하게 시작되고 있다.
이에 2017년 3월에 발간된 ‘핀테크 산업분석보고서’를 최신 동향에 맞춰, 개정판이 출간되었다. 본 보고서에서는 핀테크의 기술 사례부터 가장 화두가 되고 있는 인터넷 전문은행까지 자세히 다루고 있다."
3,국내외 핀테크 산업분석보고서(2023) (개정판),https://search.shopping.naver.com/book/catalog/38505291619,https://shopping-phinf.pstatic.net/main_3850529/38505291619.20230314163848.jpg,비피기술거래^비피제이기술거래,59400,비티타임즈,20230313,9791163454304,"4차 산업혁명, 사물인터넷 등 거창한 말들이 등장하면서 함께 빠질 수 없는 말이 핀테크(Fin Tech)다. 핀테크는 금융과 정보통신기술의 결합을 통한 새로운 상품이나 서비스를 말하는 것인데, 이는 오래전부터 우리 생활에 있었던 것인데 왜 요즘 다시 화두가 되는 것일까? 또한, 앞으로의 핀테크는 어떤 방향으로 진행될 것인지에 대한 고민으로 이 보고서는 시작되었다. 

 사실 요즘 젊은이들 사이에 은행에 가는 일은 매우 낯설고 드문 일이 돼버렸다. 첫 거래 시에 통장 개설을 위한 방문을 빼고는 대부분이 모바일 뱅킹이나 인터넷 뱅킹을 이용하고 있으며, 요즘에는 카카오페이 등을 이용하기도 한다. 궁극적으로 은행에 가지 않아도 모든 업무를 손안의 스마트폰에서 할 수 있게 된 것이다. 이 때문에 핀테크는 기존 금융산업의 위협을 넘어 ‘몰락’까지도 예상하는 전문가들도 있다.

 핀테크 전쟁이 시작된 이후에 네이버페이, 카카오페이, 페이코 등의 이용 비중은 이미 50.4% 넘어 금융사 이용 비중인 26%를 뛰어넘었다는 조사도 나온다. 핀테크의 핵심은 IT이고 이러한 00 페이는 모두 금융이 아닌 IT가 중심이다. 각각의 서비스 안에 어떤 금융사의 서비스를 연동하든 상관이 없는 것이다. 
 
 핀테크의 영역의 한계는 어디까지일 것인가? 핀테크가 서비스하는 영역은 돈을 보관해주고 빌려주고, 결제, 송금, 자산관리, 크라우드 펀딩 등 은행이 할 수 있는 대부분의 업무가 해당된다고 볼 수 있다. 

 따라서 이 보고서에서는 가장 화두가 되고 있는 인터넷 전문은행에 대한 부분을 자세히 조사하고자 하였다. 

 아직 핀테크에 대한 자료라든지 특히 인터넷 전문은행의 경우 초기 단계이기 때문에 충분한 자료를 얻기가 쉽지 않았으나 국내외 현존하는 자료를 토대로 보고서를 작성하고자 하였다.

 2023개정판에서는 그동안의 최신 자료들을 업데이트 하였다."
4,"새로운 금융이 온다 (핀테크, 가상자산, 인공지능이 바꿀 디지털 금융)",https://search.shopping.naver.com/book/catalog/32439505307,https://shopping-phinf.pstatic.net/main_3243950/32439505307.20230912084436.jpg,헨리 아슬라니언^패브리스 피셔,19800,차밍시티,20211110,9791196531164,"여러 산업이 데이터와 알고리즘을 무기로 하는 디지털 플랫폼에 의해 재편성되고 있다. 산업 내 질서가 디지털 플랫폼을 중심으로 바뀌어 가고 있으며 금융 산업에서도 이러한 모습이 관찰된다. 핀테크 스타트업, 빅테크 기업, 금융기관들이 금융 플랫폼 생태계 확보를 위한 경쟁을 하고 있다. 책 〈새로운 금융이 온다: 핀테크, 가상자산, 인공지능이 바꿀 디지털 금융〉은 빅데이터, 인공지능, 가상자산으로 대표되는 IT 기술이 금융 산업에 접목되어 향후 해당 산업에 어떠한 변화가 일어날지 예상한다. 새로운 기술과 그 기술이 적용된 비즈니스 모델이 금융 산업의 지형을 어떻게 변화시키고 있는지 살펴보고, 앞으로 어떠한 변화들을 가져올지 전망한다."
5,전자금융과 핀테크의 이해(2016) (금융사고와 범죄 방지 및 소비자보호를 중심으로),https://search.shopping.naver.com/book/catalog/32506569687,https://shopping-phinf.pstatic.net/main_3250656/32506569687.20220527062103.jpg,이충열^정군오,0,kif,20160621,9788950306502,▶ 이 책은 kif 의 전자금융과 핀테크의 이해를 다룬 정부간행물입니다.
6,"금융혁신, 핀테크 그리고 금융의 미래(2019) (캐나다 국민연금 시스템의 성공과 CPPIB)",https://search.shopping.naver.com/book/catalog/32489563434,https://shopping-phinf.pstatic.net/main_3248956/32489563434.20240206080225.jpg,세계경제연구원 편집부,13500,세계경제연구원,20190419,9791161770093,▶ 금융시장에 관한 내용을 담은 전문서적입니다.
7,핀테크와 GDPR 1: 핀테크를 위한 개인정보 보호 (핀테크 서비스와 비즈니스를 위해 알아야 할 모든 것),https://search.shopping.naver.com/book/catalog/32466684758,https://shopping-phinf.pstatic.net/main_3246668/32466684758.20230614072235.jpg,이재영,17100,타커스,20200207,9788998658632,"글로벌 디지털 환경의 거대한 변화, 실질적인 글로벌 개인정보 보호법 GDPR 이해하기
핀테크 서비스와 비즈니스를 위해 알아야 할 모든 것!

2018년 EU의 GDPR(개인정보보호법)이 발효되면서 국내 정보기술 기업의 개인정보 보호 관련 리스크가 매우 높아진 상황이다. GDPR은 EU 시민권자만이 아니라, EU ‘거주’를 기준으로 적용되기 때문에 국내 기업들도 의도치 않게 GDPR을 위반할 위험이 있다. 국내에서만 서비스하는 기업도 GDPR을 간과할 수 없다. GDPR은 EU 역내에서 수집된 개인정보의 역외 이전을 원칙적으로 허용하지 않는데, EU 집행위원회가 안전하다고 판단한 국가에 한해서 개인정보 이전이 용이하다. 이를 위해서는 해당 국가의 법체계와 운영 현황을 토대로 ‘적정성 여부’를 결정받아야 한다. 따라서 결국 국내법도 GDPR이 요구하는 사항 중 일정 부분을 도입할 수밖에 없다.

이러한 분위기 속에서 GDPR 자격증을 보유한, 국내 최고 개인정보 보호 전문가의 책 〈핀테크와 GDPR〉(전2권)이 출간되었다. 저자는 삼성전자 등 유수의 글로벌 기업에서 소프트웨어 개발 및 개인정보 보호 관련 업무를 담당했으며, 국제공인 GDPR 개인정보보호전문가(CIPP/E), 국제공인 보안전문가(CISSP), 국제공인 윤리적 해커(CEH) 등 보안 및 개인정보 관련 다수의 국제공인 자격증과 여러 수상 이력을 보유하고 있다.

이 시리즈는 실질적인 글로벌 개인정보 보호법이 된 EU의 GDPR을 소개하고, GDPR에서 언급하는 개인정보 권리에 대한 통찰을 바탕으로 핀테크 업체들이 개인정보를 안전하게 활용하는 방법을 다룬다. 또한 풍부한 실제 사례와 최신 정책을 완벽하게 분석함으로써 국내 핀테크 기업들이 개인정보를 안전하게 활용하여 지속 가능한 서비스를 제공할 수 있도록 새로운 접근법까지 제시한다. 핀테크 서비스와 비즈니스를 위해서 알아야 할 모든 것이 담겨 있는 책이다."
8,핀테크와 GDPR 2: 개인 데이터 주권을 위한 접근법 (핀테크 서비스와 비즈니스를 위해 알아야 할 모든 것),https://search.shopping.naver.com/book/catalog/32485080920,https://shopping-phinf.pstatic.net/main_3248508/32485080920.20230418162431.jpg,이재영,17100,타커스,20200207,9788998658649,"글로벌 디지털 환경의 거대한 변화, 실질적인 글로벌 개인정보 보호법 GDPR 이해하기
핀테크 서비스와 비즈니스를 위해 알아야 할 모든 것!

2018년 EU의 GDPR(개인정보보호법)이 발효되면서 국내 정보기술 기업의 개인정보 보호 관련 리스크가 매우 높아진 상황이다. GDPR은 EU 시민권자만이 아니라, EU ‘거주’를 기준으로 적용되기 때문에 국내 기업들도 의도치 않게 GDPR을 위반할 위험이 있다. 국내에서만 서비스하는 기업도 GDPR을 간과할 수 없다. GDPR은 EU 역내에서 수집된 개인정보의 역외 이전을 원칙적으로 허용하지 않는데, EU 집행위원회가 안전하다고 판단한 국가에 한해서 개인정보 이전이 용이하다. 이를 위해서는 해당 국가의 법체계와 운영 현황을 토대로 ‘적정성 여부’를 결정받아야 한다. 따라서 결국 국내법도 GDPR이 요구하는 사항 중 일정 부분을 도입할 수밖에 없다.

이러한 분위기 속에서 GDPR 자격증을 보유한, 국내 최고 개인정보 보호 전문가의 책 〈핀테크와 GDPR〉(전2권)이 출간되었다. 저자는 삼성전자 등 유수의 글로벌 기업에서 소프트웨어 개발 및 개인정보 보호 관련 업무를 담당했으며, 국제공인 GDPR 개인정보보호전문가(CIPP/E), 국제공인 보안전문가(CISSP), 국제공인 윤리적 해커(CEH) 등 보안 및 개인정보 관련 다수의 국제공인 자격증과 여러 수상 이력을 보유하고 있다.

이 시리즈는 실질적인 글로벌 개인정보 보호법이 된 EU의 GDPR을 소개하고, GDPR에서 언급하는 개인정보 권리에 대한 통찰을 바탕으로 핀테크 업체들이 개인정보를 안전하게 활용하는 방법을 다룬다. 또한 풍부한 실제 사례와 최신 정책을 완벽하게 분석함으로써 국내 핀테크 기업들이 개인정보를 안전하게 활용하여 지속 가능한 서비스를 제공할 수 있도록 새로운 접근법까지 제시한다. 핀테크 서비스와 비즈니스를 위해서 알아야 할 모든 것이 담겨 있는 책이다."
9,중국 핀테크 산업 성장과 규제완화 (정책연구 2016-27),https://search.shopping.naver.com/book/catalog/32441651647,https://shopping-phinf.pstatic.net/main_3244165/32441651647.20220527044145.jpg,서봉교,0,한국경제연구원,20170119,9788980317905,"본 보고서에서는 중국이 비(非)금융사의 핀테크 금융산업 진입을 허용하는 등 실험적인 규제완화를 통해 핀테크 금융산업 발전을 도모하고 것으로 나타났다. 올해 중국의 핀테크 금융산업 거래금액은 미국에 이어 두 번째로 큰 규모(4433억 달러, 약 497조 원)를 기록할 것으로 전망되고 있다. 또 지난 5년간 중국의 모바일 지급결제액 연평균 증가율은 201.6%에 달했고, 개인 간 거래(P2P) 대출금액도 연평균 527.8% 증가해 5년간 약 250배 증가했다.

이에 대해 서봉교 동덕여대 교수는 “지난 수년간 중국의 핀테크 금융산업이 빠르게 성장하고 있다”며, “중국 정부의 실험적 규제완화가 핀테크 산업의 혁신을 유도했다”고 주장했다. 중국의 초기 핀테크의 업무 영역은 지급결제(payment) 서비스를 중심으로 발전했으나, 최근에는 대출, 투자 중개, 개인자산관리, 보험 등 전통적인 금융업의 고유영역으로까지 확대되고 있다."
0,국내외 핀테크 산업분석보고서(2020),https://search.shopping.naver.com/book/catalog/32505091743,https://shopping-phinf.pstatic.net/main_3250509/32505091743.20221019152748.jpg,비피기술거래^비피제이기술거래,54000,비티타임즈,20200106,9791163451457,"4차 산업혁명, 사물인터넷 등 거창한 말들이 등장하면서 함께 빠질 수 없는 말이 핀테크(Fin Tech)다. 핀테크는 금융과 정보통신기술의 결합을 통한 새로운 상품이나 서비스를 말하는 것인데, 이는 오래전부터 우리 생활에 있었던 것인데 왜 요즘 다시 화두가 되는 것일까? 또한, 앞으로의 핀테크는 어떤 방향으로 진행될 것인지에 대한 고민으로 이 보고서는 시작되었다. 

 사실 요즘 젊은이들 사이에 은행에 가는 일은 매우 낯설고 드문 일이 돼버렸다. 첫 거래 시에 통장 개설을 위한 방문을 빼고는 대부분이 모바일 뱅킹이나 인터넷 뱅킹을 이용하고 있으며, 요즘에는 카카오페이 등을 이용하기도 한다. 궁극적으로 은행에 가지 않아도 모든 업무를 손안의 스마트폰에서 할 수 있게 된 것이다. 이 때문에 핀테크는 기존 금융산업의 위협을 넘어 ‘몰락’까지도 예상하는 전문가들도 있다.

 핀테크 전쟁이 시작된 이후에 네이버페이, 카카오페이, 페이코 등의 이용 비중은 이미 34% 넘어 금융사 이용 비중인 29%를 뛰어넘었다는 조사도 나온다. 핀테크의 핵심은 IT이고 이러한 00 페이는 모두 금융이 아닌 IT가 중심이다. 각각의 서비스 안에 어떤 금융사의 서비스를 연동하든 상관이 없는 것이다. 
 
 핀테크의 영역의 한계는 어디까지일 것인가? 핀테크가 서비스하는 영역은 돈을 보관해주고 빌려주고, 결제, 송금, 자산관리, 크라우드 펀딩 등 은행이 할 수 있는 대부분의 업무가 해당된다고 볼 수 있다. 

 따라서 이 보고서에서는 가장 화두가 되고 있는 인터넷 전문은행에 대한 부분을 자세히 조사하고자 하였다. 

 아직 핀테크에 대한 자료라든지 특히 인터넷 전문은행의 경우 초기 단계이기 때문에 충분한 자료를 얻기가 쉽지 않았으나 국내외 현존하는 자료를 토대로 보고서를 작성하고자 하였다."
1,핀테크 산업 활성화의 열쇠 비트코인이란 무엇인가? (화폐혁명의 구조와 설계도 분석),https://search.shopping.naver.com/book/catalog/32466552959,https://shopping-phinf.pstatic.net/main_3246655/32466552959.20221229071354.jpg,김승표,10800,앤써북,20150915,9791185553177,"기업의 새로운 금융 서비스에 비트코인 매커니즘을 응용하라

지금 글로벌 금융개혁과 핀테크로 일괄되는 국내의 상황에서 비트코인과 같은 새로운 패러다임에 대하여, 우리 사회는 금융전문가, 경제학자 및 정책입안자들의 정확하고 적극적인 대책이 필요하며, 일반인들도 새로운 화폐경제에 대한 선점으로 이러한 디지털 통화를 활용하는 시점에 와 있다. 그러기 위해서 더욱 요구되는 것이 디지털 통화의 본질에 대한 이해라고 할 수 있으며, 이를 극복하면 각자의 전문분야에서 창의적이고 국제적으로 앞서가는 방식, 이론 그리고 정책 등이 나올 수 있으며 개인들도 새로운 기회를 잡는 계기가 될 것이다. 

책은 비트코인에 들어있는 모든 이론들을 가급적 직선적으로 모두 파헤쳐서 설명하였다. 다루는 주제가 본질적으로 수학적 배경과 컴퓨터 네트워크 기술이 들어가 있어 일반 독자들이 처음에 다소 어려울 수 있으나, 그러한 기술들의 내용을 최대한 끌어내려 모두 정확히 언급하되 쉽게 이해할 수 있도록 단계적으로 설명하였다. 설령 중간에 기술적 이해의 어려움으로 부분을 생략하고 계속 읽더라도 충분히 비트코인의 실체를 느낄 수 있도록 하였으며, 이 분야의 조금의 지식이 있는 분들이라면 완벽히 비트코인을 이해할 수 있도록 기술하였다. 책을 통해서 터득한 비트코인의 구조와 설계도 분석 내용을 통해서 핀테크 등 기업의 새로운 금융 서비스에 비트코인 매커니즘을 응용할 수 있도록 기술하였다."
2,"부자, 관상, 기술 (부자들은 알고 있는 핀테크 시대의 행동경제학)",https://search.shopping.naver.com/book/catalog/32455616882,https://shopping-phinf.pstatic.net/main_3245561/32455616882.20230919125835.jpg,김영한,14400,쌤앤파커스,20211208,9791165344313,"돈의 선지자 로스차일드부터 도지 파더 일론 머스크까지 
시대의 부를 거머쥔 사람들이 독점한 ‘부의 비밀’

전서구부터 비트코인까지, 시대의 부를 차지한 사람들은 모두 ‘기술’을 선점했다. 빅데이터, 위성사진은 물론이고 AI, 바이오메트릭까지 이 시대 최신 기술이 앞다투어 몰려드는 곳은 바로 투자와 금융. 바야흐로 기술이 돈을 벌고 그렇게 번 돈이 더 큰돈을 버는 시대다. 과거에는 재무제표, 애널리스트의 전망, 시가총액, 업계순위 등 전통적인 데이터를 분석하면 ‘대박’까지는 아니어도 크게 망하지는 않았다. 하지만 이제는 그런 구태의연한 정보로는 빛보다 빠르게 발전하는 ‘테크핀’들의 발뒤꿈치도 따라잡을 수 없다. 

그런데 여기, CEO의 관상을 분석해 회사의 위험도, 투자수익률, 경영 스타일을 한눈에 알 수 있다고 말하는 괴짜 교수가 있다. 바로 닥터 파이낸스, 성균관대 김영한 교수다. 김 교수는 일명 ‘AI 신언서판’ CEO의 얼굴을 연구해 세계적인 재무, 회계학 탑 저널에 논문을 올렸고, 미국 블룸버그 TV와 PBS에도 출연해 화제가 되었다. 《부자, 관상, 기술》은 전 세계 재무, 경영학계를 깜짝 놀라게 한 김영한 교수의 최신 연구를 쉽고 재미있게 소개한 최초의 책이다."
3,국내외 핀테크 산업분석보고서(2021),https://search.shopping.naver.com/book/catalog/32459983633,https://shopping-phinf.pstatic.net/main_3245998/32459983633.20221019145730.jpg,비피기술거래^비피제이기술거래,57000,비티타임즈,20210125,9791163452355,"4차 산업혁명, 사물인터넷 등 거창한 말들이 등장하면서 함께 빠질 수 없는 말이 핀테크(Fin Tech)다. 핀테크는 금융과 정보통신기술의 결합을 통한 새로운 상품이나 서비스를 말하는 것인데, 이는 오래전부터 우리 생활에 있었던 것인데 왜 요즘 다시 화두가 되는 것일까? 또한, 앞으로의 핀테크는 어떤 방향으로 진행될 것인지에 대한 고민으로 이 보고서는 시작되었다. 

 사실 요즘 젊은이들 사이에 은행에 가는 일은 매우 낯설고 드문 일이 돼버렸다. 첫 거래 시에 통장 개설을 위한 방문을 빼고는 대부분이 모바일 뱅킹이나 인터넷 뱅킹을 이용하고 있으며, 요즘에는 카카오페이 등을 이용하기도 한다. 궁극적으로 은행에 가지 않아도 모든 업무를 손안의 스마트폰에서 할 수 있게 된 것이다. 이 때문에 핀테크는 기존 금융산업의 위협을 넘어 ‘몰락’까지도 예상하는 전문가들도 있다.

 핀테크 전쟁이 시작된 이후에 네이버페이, 카카오페이, 페이코 등의 이용 비중은 이미 34% 넘어 금융사 이용 비중인 29%를 뛰어넘었다는 조사도 나온다. 핀테크의 핵심은 IT이고 이러한 00 페이는 모두 금융이 아닌 IT가 중심이다. 각각의 서비스 안에 어떤 금융사의 서비스를 연동하든 상관이 없는 것이다. 
 
 핀테크의 영역의 한계는 어디까지일 것인가? 핀테크가 서비스하는 영역은 돈을 보관해주고 빌려주고, 결제, 송금, 자산관리, 크라우드 펀딩 등 은행이 할 수 있는 대부분의 업무가 해당된다고 볼 수 있다. 

 아직 핀테크에 대한 자료라든지 특히 인터넷 전문은행의 경우 초기 단계이기 때문에 충분한 자료를 얻기가 쉽지 않았으나 국내외 현존하는 자료를 토대로 보고서를 작성하고자 하였다."
4,special job? 나는 핀테크 전문가가 될 거야!,https://search.shopping.naver.com/book/catalog/32444406923,https://shopping-phinf.pstatic.net/main_3244440/32444406923.20221227203517.jpg,강지선,11520,국일아이,20210228,9791187007807,"금융 산업에 혁신을 일으키는 핀테크!  
온라인 결제, 모바일 송금, 생체인식 보안과 결제 등 화폐로부터 자유롭게 해주고 
핀테크 시대의 주역이 될 어린이를 위한 필독서!

《job?》스페셜은 빅데이터, 인공지능, 드론 등 4차 산업 혁명을 대표하며 정보통신기술을 활용하여 새롭게 등장한 직업들을 소개하는 학습 만화입니다. 생소하게 느껴지는 직업들이 무슨 일을 하는지 재미있는 스토리로 풀어내고, 흥미를 유발하는 워크북을 함께 수록하여 필요한 자질과 적성은 어떤 것인지 탐구해볼 수 있도록 하였습니다. 

《job?》스페셜 16권은 핀테크 전문가에 관한 이야기입니다. 은행을 방문하지 않아도 스마트폰만으로 송금을 하고, 카드 없이 생체인식으로 결제를 하는 등 핀테크는 금융 산업을 180도 바꾼 서비스이자 기술입니다. 핀테크는 단순히 돈을 주고받는 개념에서 벗어난 혁신적인 기술로 결제와 투자를 개혁할 것입니다. 기존의 금융 기업뿐만 아니라 비금융기업, IT 기업들이 자사만의 핀테크를 선보이고 있습니다.   

미국에서는 핀테크로 인해 비금융회사가 기존 금융권 시장의 30% 이상을 잠식할 것으로 전망했는데요. 페이스북, 아마존 등 거대 글로벌기업들은 현재도 자사만의 결제서비스를 선보이며 금융 산업을 발전시키고 있습니다. 핀테크는 금융 산업을 넘어 무역, 에너지, 엔터테인먼트 등 다양한 산업에도 반향을 불러일으키고 있어 주목받는 미래 기술이자 서비스입니다.  

《job? 나는 핀테크 전문가가 될 거야!》는 사고뭉치 남자아이 현재가 야구방망이를 휘두르다가 놓치는 바람에 석주네 자동차 사이드미러를 망가트리고, 그 수리비를 갚기 위해 석주네 아빠의 핀테크 회사에서 아르바이트를 하면서 벌어지는 이야기입니다. 현재는 쌍둥이 여동생인 미래, 그리고 석주와 함께 핀테크 회사에서 아르바이트를 하면서 핀테크시스템 엔지니어, 크라우드펀딩 전문가 등 핀테크 전문가를 만나 핀테크에 대해 배우게 됩니다. 그러는 도중에 석주를 따라다니는 낯선 그림자가 나타나고, 석주를 납치하여 금고를 열려고 합니다. 현재, 미래, 석주는 못된 도둑들을 물리치고 금고를 지킬 수 있을까요?   

핀테크 서비스를 안정적으로 제공하기 위한 시스템 환경을 설계, 개발하는 핀테크시스템 엔지니어, 투자자의 금융 정보와 시장환경 등을 분석하여 알고리즘과 시스템을 개발하고 이를 통해 로보어드바이저 프로그램을 설계하는 로보어드바이저 전문가, 생체정보를 파악하여 사용자 본인임을 확인하는 장치를 만들고 컴퓨터가 처리할 수 있는 상태로 저장하는 프로그램을 개발하는 생체인식 전문가, 펀딩에 알맞은 사업을 발굴하여 자금 액수, 자금조달방식을 분석하거나 추천하는 크라우드펀딩 전문가 등 핀테크와 관련된 전문 직업들을 쉽고 재미있게 소개했습니다.

OX 퀴즈, 빈칸 채우기, 색칠하기, 다른 그림찾기 등 놀이 요소로 직업을 간접 체험하고 어린이들의 적성과 자질에 맞는지 탐구해볼 수 있는 워크북을 함께 구성했습니다. 또한 핀테크에 대해 새롭게 알게 된 점을 생각해보도록 했고, 핀테크 전문가가 된다면 어떤 용도의 핀테크 서비스를 개발할 것인지 적어볼 수 있도록 했습니다. 핀테크 전문가가 되기 위해 떠나 볼까요?"
5,2022 핀테크 관련 기업 취업을 위해 꼭 알아야 할 용어와 이슈 (2022 개정판),https://search.shopping.naver.com/book/catalog/34294450625,https://shopping-phinf.pstatic.net/main_3429445/34294450625.20221019150305.jpg,비피기술거래,17550,비피기술거래,20220826,9791161825793,"핀테크(Fintech)는 
금융(Finance)과 기술(Technology)의 합성어로 
금융과 IT의 융합을 통한 금융서비스를 의미한다 
결제, 송금, 대출, 투자, 자산관리 등을 비롯하여 
보험(인슈어테크), 부동산(프롭테크), 규제준수(레그테크) 등 
파생적 금융 분야 전반을 아우르는 기술이라고 할 수 있다

모바일 소비 및 거래 확대와 금융시장 성장 한계
글로벌IT기업 경쟁심화는 융합기술 발달과 
모바일 금융 시장 성장을 이끌었고 
이는 핀테크가 부각된 배경이 되었다

그리하여 본서에서는 핀테크와 관련한 기업에 취업하기 위한
핵심 이유들과 용어에 대해 살펴보기로 한다"
6,활성화되는 핀테크 기술시장 동향과 전망,https://search.shopping.naver.com/book/catalog/32504570171,https://shopping-phinf.pstatic.net/main_3250457/32504570171.20221230072117.jpg,KIB 케이아이비,342000,KIB케이아이비,20190412,9791188593187,▶ 첨단기술에 관한 내용을 담은 전문서적입니다.
7,서비스플랫폼(AI·핀테크 기반) 산업 현황과 블록체인·메타버스 기반 기술 개발 동향,https://search.shopping.naver.com/book/catalog/47927883621,https://shopping-phinf.pstatic.net/main_4792788/47927883621.20240528085910.jpg,TF 정보분석실,378000,트렌드포커스,20240527,9791188774159,"서비스 플랫폼은 디지털 환경에서 다양한 서비스와 기능을 제공하는 시스템을 말한다. 
서비스 플랫폼의 주요 목적은 사용자와 서비스 제공자 사이를 연결하고, 서로가 상호작용
할 수 있는 공간을 제공하는 것이다. 

세계경제포럼은 2025년 글로벌 디지털 플랫폼 매출액이 약 60조 달러 규모로 성장할 것이며 
글로벌 전체 기업 매출의 30%가 플랫폼 비즈니스로 이뤄질 것이라 전망하고 있다.
이제 디지털은 전통 경제의 패러다임을 플랫폼 기반으로 전환하며 발전하고 있는 상황이다.

서비스 플랫폼은 특히 스마트 기기의 대중화를 기점으로 쇼핑이나 금융 등의 일부 서비스
에서의 높은 접근성으로 온라인 매출 비중을 늘리며 많은 주목을 받았다. 
특히 코로나19로 언택트(Untact) 시대가 도래하며 공연, 교육 등의 오프라인 위주의 비즈니스 
등까지 온라인 서비스 플랫폼 시장으로 이관되는 디지털 트랜스포메이션으로 관련 시장이 
계속하여 확장되는 추세이다.

서비스 플랫폼은 이미 우리의 실생활 속에서 디지털 시대의 필수적인 구성 요소로, 다양한 
산업에서 사용되고 있으며 사용자 경험을 향상시키기 위해 계속 발전할 것이다.

이에 본 트렌드포커스 TF정보분석실에서는 「서비스플랫폼(AI·핀테크 기반) 산업 현황과 
블록체인·메타버스 기반 기술 개발 동향」을 발간하게 되었다.

본서 1장에서는 서비스플랫폼 산업의 국내·외 전반적 현황, 그리고 
2장에서는 서비스플랫폼별 산업 동향을 분석하였으며 3장에서는 블록체인·메타버스 기반 
서비스 플랫폼과 핀테크 서비스 플랫폼을 최신 산업조사 자료를 바탕으로 
소상히 분석·수록 정리하였으며, 최신 연구개발 사례와 함께 소개함으로써 관련 분야 
종사자분들에게 도움이 되는 유익한 정보 자료로 활용되기를 바랍니다."
8,Live 과학 첨단과학 15 : 핀테크와 가상화폐 (새 교육 과정에 따른 학습 만화),https://search.shopping.naver.com/book/catalog/32456938943,https://shopping-phinf.pstatic.net/main_3245693/32456938943.20230421071047.jpg,최재훈,10800,천재교육(학습지),20180716,9791125931171,"변화된 새 교육 과정에 맞춰 첨단 과학·융합 과학.통합 과학을 강조하는 전문성 있는 커리큘럼으로 구성되어 있다. 그중 최신 과학 주제를 적절히 골라내어 아이들 눈높이에 맞게 잘 녹여 냈다. 외계의 로봇인 주인공 아라와 누리는 지구와 인간에 대해 배우러 왔다가 우연히 지구의 네트워크를 무너뜨리려는 악당과 싸우게 된다. 지구의 모든 것이 마냥 신기한 외계 로봇의 시선을 통해 과학 전 분야에 걸친 지식을 습득하고, 과학의 다양한 문제를 새롭게 바라보며 함께 생각할 수 있다."
9,FinTech(핀테크) 글로벌 혁신기술 및 동향분석,https://search.shopping.naver.com/book/catalog/32493367094,https://shopping-phinf.pstatic.net/main_3249336/32493367094.20230920071634.jpg,BIR 편집부,342000,BIR,20160325,9788966673834,"『FinTech(핀테크) 글로벌 혁신기술 및 동향분석』은 최근 세계적으로 불고 있는 첨단 IT기술과 금융의 융합이 클라우드, 사물인터넷, 빅데이터가 분위기만 무성한 채 꽃피우지 못하고 있는 상태에서 금융과 기술이 합쳐진 금융기술, 즉 핀테크가 금융산업의 변화에 대한 책이다."
0,핀테크 산업관련 기술동향분석 및 시장전망과 기업종합분석,https://search.shopping.naver.com/book/catalog/38677668620,https://shopping-phinf.pstatic.net/main_3867766/38677668620.20230321162341.jpg,비피기술거래^비피제이기술거래,315000,비티타임즈,20230320,9791163454328,"4차 산업혁명, 사물인터넷 등 거창한 말들이 등장하면서 함께 빠질 수 없는 말이 핀테크(Fin Tech)다. 핀테크는 금융과 정보통신기술의 결합을 통한 새로운 상품이나 서비스를 말하는 것인데, 이는 오래전부터 우리 생활에 있었던 것인데 왜 요즘 다시 화두가 되는 것일까? 또한, 앞으로의 핀테크는 어떤 방향으로 진행될 것인지에 대한 고민으로 이 보고서는 시작되었다. 

 사실 요즘 젊은이들 사이에 은행에 가는 일은 매우 낯설고 드문 일이 돼버렸다. 첫 거래 시에 통장 개설을 위한 방문을 빼고는 대부분이 모바일 뱅킹이나 인터넷 뱅킹을 이용하고 있으며, 요즘에는 카카오페이 등을 이용하기도 한다. 궁극적으로 은행에 가지 않아도 모든 업무를 손안의 스마트폰에서 할 수 있게 된 것이다. 이 때문에 핀테크는 기존 금융산업의 위협을 넘어 ‘몰락’까지도 예상하는 전문가들도 있다.

 핀테크 전쟁이 시작된 이후에 네이버페이, 카카오페이, 페이코 등의 이용 비중은 이미 50.4% 넘어 금융사 이용 비중인 26%를 뛰어넘었다는 조사도 나온다. 핀테크의 핵심은 IT이고 이러한 00 페이는 모두 금융이 아닌 IT가 중심이다. 각각의 서비스 안에 어떤 금융사의 서비스를 연동하든 상관이 없는 것이다. 
 
 핀테크의 영역의 한계는 어디까지일 것인가? 핀테크가 서비스하는 영역은 돈을 보관해주고 빌려주고, 결제, 송금, 자산관리, 크라우드 펀딩 등 은행이 할 수 있는 대부분의 업무가 해당된다고 볼 수 있다. 

  이 보고서에서는  핀테크 산업관련 기술동향과 시장동향, 기업동향에 대해서 전반적으로 살펴보고자 한다."
1,4차산업기업 스타트업 주소록(2020)(CD) (가상현실·드론·빅데이터·앱개발·인공지능·핀테크기업·창업센터),https://search.shopping.naver.com/book/catalog/32497873018,https://shopping-phinf.pstatic.net/main_3249787/32497873018.20221019120158.jpg,한국콘텐츠미디어 편집부,170100,한국콘텐츠미디어,20200723,9791165820817,"4차산업 기업·스타트업 주소록을 분야·지역별로 16,066건을 수록했습니다.

※본 CD롬은 엑셀(xls) 형태로 수록되어 있어 사용자가 편리하게 수정·편집·출력할 수 있습니다."
2,4차산업기업.스타트업 주소록(2019)(CD) (가상현실·드론·빅데이터·앱개발·인공지능·핀테크기업·창업센터),https://search.shopping.naver.com/book/catalog/32436449043,https://shopping-phinf.pstatic.net/main_3243644/32436449043.20221019120537.jpg,한국콘텐츠미디어 편집부,170100,한국콘텐츠미디어,20191107,9791155058473,"〈2019 4차산업 기업·스타트업 주소록 CD〉는 분야별, 지역별 총 10,081건을 수록했습니다.

※본 CD롬은 엑셀(xls) 형태로 수록되어 있어 사용자가 편리하게 수정·편집·출력할 수 있습니다."
3,모바일 결제 UX 디자인 (핀테크/UXoT를 위한 모바일 커머스 디자인 입문),https://search.shopping.naver.com/book/catalog/32438294719,https://shopping-phinf.pstatic.net/main_3243829/32438294719.20221230074324.jpg,스킵 알럼스,18000,비제이퍼블릭,20150707,9788994774992,"인터랙션 디자이너이자 제품 디자이너인 스킵 알럼스는 이 책을 통해 친숙하면서도 믿을 수 있는 경험을 창조할 수 있도록 UX 모범 사례와 권장 사항들을 소개한다. 이 책은 스타트업에서부터 금융기관까지 분야를 막론하고 디자이너, 개발자, 제품 담당 책임자들이 개인 정보와 재무 데이터를 어떻게 보호해야 하는지 보여준다. 또한 기대 이상의 부가가치 기능을 제공하는 모바일 결제를 어떻게 디자인해야 하는지 알려준다.



이 책의 독자는 모바일 상거래 경험의 구축에 관심이 있는 디자이너, 개발자, 제품 관리자 등이 될 수 있다. 스마트폰의 사용 방법을 새롭게 바꿔놓고자 하는 신생기업에서부터 기존의 모바일 서비스에 새 결제 기능을 통합해서 입지를 다지고 싶어하는 금융업계까지 다양한 환경의 경험 디자이너들을 위한 입문서가 되기에 알맞은 책이다. 이 책은 저자가 작업 중에 참조하려고 만들었던 거래 경험에 초점이 맞춰진 간단한 모바일 디자인 원칙 목록에서부터 시작되었으므로 독자들은 이 책을 통해 영감을 얻고 유익한 지식을 쌓을 수 있을 것이다."
4,미래 보안 생체인식 발전현황과 금융기술 핀테크 산업동향,https://search.shopping.naver.com/book/catalog/32445388022,https://shopping-phinf.pstatic.net/main_3244538/32445388022.20221019105316.jpg,RIsearch센터,288000,산업정책분석원,20190530,9791185782393,▶ 이 책은 첨단기술을 다룬 이론서입니다. 첨단기술의 기초적이고 전반적인 내용을 학습할 수 있습니다.
5,핀테크(FinTech)관련 산업 전망과 핵심기업 핫이슈,https://search.shopping.naver.com/book/catalog/32436149476,https://shopping-phinf.pstatic.net/main_3243614/32436149476.20221019123419.jpg,비피기술거래,17550,비피기술거래,20190710,9791161822976,"핀테크(FinTech)는 금융(Finance)과 
기술(Technology)이 합성된 용어다
스마트폰의 보편화로 인해 시간과 장소의 한계를 넘어서
누구나 쉽게 스마트폰으로 금융 활동을 
할 수 있도록 만든 기술을 의미하며 
이러한 점에서 금융 혁명으로 불리고 있다

우리나라의 경우 2012년 약 60%에서 
2018년 약 90% 이상의 스마트폰의 보급률을 달성하여
불과 6년 사이에 전 국민이 스마트폰을 
가지게 되었다고 해도 과언이 아니다

그리하여 핀테크 관련 산업은 앞으로도 
무한한 성장 가능성을 가지고 있기에
본서에서는 관련 산업에 대한 전망과 핵심 기업들에 대해
서술하고자 한다"
6,스마트 금융 시대를 선도하는 핀테크 관련 신사업전략 모색을 위한 종합 분석,https://search.shopping.naver.com/book/catalog/32455954720,https://shopping-phinf.pstatic.net/main_3245595/32455954720.20231010083640.jpg,IRS Global 편집부,315000,아이알에스글로벌,20150401,9788998207250,"이 책은 ‘2014년 모바일(간편)결제’에 이은 두 번째 핀테크 관련 보고서로, 국내외 송금, 결제, 투자 분야별 다양한 활용 서비스 사례들과 참여기업의 사업전략, 관련 시장 전망 및 국내외 정책동향, 핀테크 관련 정보 보안 동향을 소개한다. 최근 핀테크의 핵심 기반기술로 거론되고 있는 근거리무선통신과 생체인식의 최근 시장 및 개발동향에 대해서도 분석하여 이해를 돕고자 하였다."
7,카카오와 네이버는 어떻게 은행이 되었나 (핀테크 트렌드로 보는 밀레니얼이 원하는 미래 금융),https://search.shopping.naver.com/book/catalog/32455865644,https://shopping-phinf.pstatic.net/main_3245586/32455865644.20230620071056.jpg,김강원,14400,미래의창,20201221,9788959896943,"수십 년 동안 시중은행들은 그들이 구축한 견고한 시스템 속에서 그들을 찾아올 수밖에 없는 고객들을 그들이 정해놓은 방식으로 응대해왔다. 이렇게 해서 그들이 1년 동안 유치한 신규 고객은 모두 합쳐 15만 5천 명 정도였다. 그러던 어느 날 카카오뱅크가 등장하더니, 출시 12시간 만에 온라인으로 이보다 많은 18만 7천 명의 고객을 유치했다. 게다가 이들 중 65%는 밀레니얼 세대였다. 



새로운 금융이란 무엇인가? 단지 비대면, 온라인, 공인인증서가 없는 그런 금융이 아니다. 우리나라뿐만 아니라 전 세계에서 새로운 금융 서비스가 탄생하고 있다. 우리나라에 카카오뱅크와 네이버페이가 있다면 동남아시아에는 택시에서 시작해 이미 우버를 따라잡은 ‘그랩’이 은행을 대체하고 있고, 중국은 ‘알리페이’가 그런 역할을 한다.



증권거래 수수료의 벽을 획기적으로 낮춘 미국의 ‘로빈후드’, 학자금 대출로 시작해 전방위 금융 서비스로 도약하고 있는 ‘소피아’, 보험의 정의를 다시 내리고 있는 ‘레모네이드’ 등 핀테크는 단지 새로운, 혁신적인 금융 서비스에 그치지 않는다. 산업 전반에 걸쳐 게임의 룰을 다시 쓰며, 밀레니얼이 원하는 금융의 모든 것을 알고 있는 그들을 만나보자."
8,핀테크 관련 최대수혜주의 핫 키워드와 이슈 모르면 주식 대박 힘들다,https://search.shopping.naver.com/book/catalog/32506615625,https://shopping-phinf.pstatic.net/main_3250661/32506615625.20221019110708.jpg,서울공대OB주식연구회,17550,비피기술거래,20190501,9791161822778,"핀테크(Fintech)는 
금융(Finance)과 기술(Technology)의 합성어로 금융과 IT의 융합을 통한 금융서비스를 의미한다 
결제, 송금, 대출, 투자, 자산관리 등을 비롯하여 보험(인슈어테크), 부동산(프롭테크), 규제준수(레그테크) 등 파생적 금융 분야 전반을 아우르는 기술이라고 할 수 있다

모바일 소비 및 거래 확대와 금융시장 성장 한계
글로벌IT기업 경쟁심화는 융합기술 발달과 모바일 금융 시장 성장을 이끌었고 이는 핀테크가 부각된 배경이 되었다

본서에서는 핀테크와 관련한 핵심 이유와 용어 그리고 관련 최대수혜주가 될 여러 회사에 대해 살펴보고자 한다"
9,블록체인 핀테크 기술 정책동향과 정보보호 분야별 산업 실태분석,https://search.shopping.naver.com/book/catalog/32467135726,https://shopping-phinf.pstatic.net/main_3246713/32467135726.20221019140633.jpg,지식산업정보원 R&D정보센터,342000,지식산업정보원,20180808,9791158620868,"블록체인(Block chain)은 4차 산업혁명을 이끌 핵심 기반기술로 주목받고 있으며 전 세계적으로 정부, 금융기관, 글로벌 기업 등이 관련기술 개발 및 활용에 적극적인 상황이다.
세계경제포럼(WEF)은 2025년까지 전 세계 GDP의 10%가 블록체인에 저장될 것이라고 전망을 발표하였으며, 가트너와 WEF는 혁신기술 Top10에 블록체인을 포함하였다.
블록체인의 기반기술은 높은 보안성, 무결성을 제공하는 저장 플랫폼으로써, 비트코인(Bitcoin), 거래정보, 저작권 관리 등 다양한 서비스가 출시되고 있으며 기존 ICT 시장 인프라뿐만 아니라 공공, 금융기관에 큰 변화를 초래할 것으로 예상하고 있다. 

4차 산업혁명과 함께 금융권의 신성장동력으로 주목받고 있는 핀테크(Fintech)는 2008년 글로벌 금융위기를 계기로, 기존 금융기관의 수익성 및 신뢰도 하락에 따른 대안적 금융을 필요로 하면서 시작됐으며 영국을 중심으로 미국, 유럽 등에서 시작되어 빠르게 성장하며 전 세계적으로 확산되고 있다.
스마트폰을 기반으로 하는 모바일 인터넷 환경과 인공지능ㆍSNSㆍ빅데이터ㆍ블록체인 등의 첨단 ICT가 전통적 금융산업에 융합하면서 새로운 금융기술인 핀테크로 발현하고 있는 것이다.
현재 핀테크 서비스는 결제 및 송금, 대출 및 자금조달, 자산관리, 금융 플랫폼 등 다양한 분야에서 전통적 금융산업을 효율적이고 생산적인 방향으로 선도하고 있으며 글로벌 다국적 거대 금융기관에서부터 벤처기업에 이르기까지 비즈니스와 생활 전반에 아우르는 금융의 혁신을 실시하고 있다.

이에, 본원 R&D정보센터에서는 블록체인과 핀테크 기술의 글로벌 경쟁력 강화에 도움이 되고자 관련 기관들의 정보자료를 토대로 분석 정리하여 ?블록체인/핀테크 기술/정책동향과 정보보호 분야별 산업 실태분석?을 발간하였다.
본서 제Ⅰ편에서는 블록체인 추진현황, 산업 정책동향 및 활용분야별 사례를 수록하였으며, 제Ⅱ편에서는 핀테크 기술 및 정책 동향, 금융서비스별 현황을 수록하였고, 제Ⅲ편에서는 개인정보보호산업 주요 동향 및 정보보호산업 분야별 현황을 수록하였다.
모쪼록 본서가 학계·연구기관 및 관련 산업분야 종사자 여러분들에게 다소나마 유익한 정보자료로 활용되기를 바라는 바입니다."
0,핀테크 산업의 국내외 시장동향과 관련 서비스 현황 및 기술/활용사례 분석,https://search.shopping.naver.com/book/catalog/32489353745,https://shopping-phinf.pstatic.net/main_3248935/32489353745.20221019145103.jpg,좋은정보사,306000,좋은정보사,20180614,9788998586409,"국내 핀테크 산업은 해외 업체들에 뒤지지않는 경쟁력과 아이디어를 가지고 있음에도 불구하고, 금융 규제 등으로 인한 정책에 갇혀 서비스가 늦어지면서 평균이용률 또한 낮은 것으로 나타났는데, 2016년 '핀테크 발전 로드맵' 발표와 2017년 '핀테크 규제 혁신 방안'을 발표하면서 핀테크 기반 기술 영역을 설정하는 등 많은 노력으로 인해, P2P 금융과 간편결제 · 송금 분야에서는 3년 연속 강세를 보이고 있는 것으로 나타났다. 

또한 '삼성페이' , '카카오페이' 등과 같은 지급 결제 서비스가 활성화되고 있으며, 공인인증서, 액티브X 등의 폐지가 추진되는 등 금융규제 환경이 조금씩 변화되고 있다.

해외의 경우 해외송금, 간편송금, 로보어드바이저, P2P대출 같이 개인 소비자의 필요에 의해 맞춤형 금융 서비스를 제공하고 있는 국가가 증가하면서, 은행을 비롯하여 기존 금융권 뿐 만 아니라 핀테크를 통한 개인금융과 중소기업금융 사용자도 지속적인 증가세를 보일 것으로 예상했다.
Statista에 따르면 전 세계 핀테크 시장 거래 금액은 2016년부터 연간 20.9%의 성장률을 보이며, 2020년에는 5조 330억 달러 규모로 확대될 것으로 전망했으며, APAC(아시아태평양) 지역의 핀테크 산업은 72.5%의 연간 성장률을 보이며, 2020년에는 719억 달러에 이를 것으로 전망했다.

이에 본 보고서는 새로운 금융산업에 대한 빠른 대응과 활성화를 위해, 핀테크 산업의 국내외 시장동향과 파생 서비스 동향, 주요 금융별 산업동향 및 기술/활용사례 분석 등을 수록하였다."
1,핀테크(FinTech)산업 동향전망과 정보보호산업 기술현황 실태분석,https://search.shopping.naver.com/book/catalog/32466558161,https://shopping-phinf.pstatic.net/main_3246655/32466558161.20221019145215.jpg,지식산업정보원 R&D정보센터,288000,지식산업정보원,20150325,9788994111032,"핀테크 및 보안 관련 산업의 국내외 최신 동향을 분석하고 글로벌 시장 선점을 위한 경쟁력 강화에 도움이 되고자 관련기관들의 정보자료를 분석 정리하여 「핀테크(FinTech)산업 동향전망과 정보보호산업 기술현황/실태분석」을 발간하였다. 본서 제Ⅰ편에서는 핀테크 산업의 국내외 동향과 ICT 기업의 금융업 진출 동향, 모바일 결제·송금 및 크라우드펀딩의 산업동향, 금융업의 빅데이터 활용사례를 수록하였다. 제Ⅱ편에서는 국내 정보보호 산업의 실태와 국가별 산업동향, 정보/물리/융합보안 산업의 현황과 기술 및 특허동향을 수록하였다."
2,"신남방 지역 주요국의 핀테크 발전과 협력방안: 인도, 태국, 말레이시아, 베트남, 인도네시아를 중심으로",https://search.shopping.naver.com/book/catalog/33234080635,https://shopping-phinf.pstatic.net/main_3323408/33234080635.20221019142940.jpg,이충열^이종하^이선호,9500,대외경제정책연구원,20201231,9788932290201,이 책은 대외경제정책연구원의 신남방 지역 주요국의 핀테크 발전과 협력방안을 다룬 정부간행물입니다.
3,"블록체인의 충격 (비트코인, 핀테크에서 loT까지 사회 구조를 바꾸는 파괴적인 기술)",https://search.shopping.naver.com/book/catalog/32467088627,https://shopping-phinf.pstatic.net/main_3246708/32467088627.20220527051230.jpg,비트뱅크,0,북스타,20170418,9788997383955,"[블록체인의 충격]은 우리보다 한 발 앞서 블록체인 기술을 개발하여 실제 비즈니스에 활용하고 있는 일본의 학계, 기업, 협회 등의 전문가 15인이 공동 집필하였다. 블록체인 산업에 종사하고 있는 15인의 전문가들은 블록체인의 개요, 산업 동향, 향후 전망, 비즈니스에 미치는 충격, 관련 법률 제도, 플랫폼과 암호 기술 등을 상세하게 설명한다."
4,"4차산업 기업·스타트업 주소록(2024)(CD) (3D프린터, IOT, VR, 가상현실, 드론, 바이오기업, 스마트공장, 스마트팜, 스타트업, 앱개발, 웨어러블, 인공지능, 핀테크 등 약 5만 6천 건 수록)",https://search.shopping.naver.com/book/catalog/46677579619,https://shopping-phinf.pstatic.net/main_4667757/46677579619.20240402080440.jpg,한국콘텐츠미디어 편집부,198550,한국콘텐츠미디어,20240326,9791172340209,"4차산업 기업·스타트업 주소록을 분야별, 지역별로 19,908건, IT기업 상세정보를 업종별, 지역별로 37,091건을 수록했습니다.

주식회사 한국콘텐츠미디어 (부설)한국기업콘텐츠진흥원
〈〉자료문의= (02)2268-8856~8 www.anyKCM.com"
5,"전국 체험마을 주소록(2024)(CD) (3D프린터, IOT, VR, 가상현실, 드론, 바이오기업, 스마트공장, 스마트팜, 스타트업, 앱개발, 웨어러블, 인공지능, 핀테크 등 약 5만 6천 건 수록)",https://search.shopping.naver.com/book/catalog/46677576618,https://shopping-phinf.pstatic.net/main_4667757/46677576618.20240402101343.jpg,한국콘텐츠미디어 편집부,215100,한국콘텐츠미디어,20240322,9791172340193,"전국 체험마을 주소록을 분야별, 지역별로 33,479건, 관광·여가산업 상세정보를 업종별, 지역별로 5,018건을 수록했습니다."
6,IoT기반 근거리 무선통신/핀테크 산업 현황과 무선전력전송 및 무선충전 기술개발 동향,https://search.shopping.naver.com/book/catalog/32497514695,https://shopping-phinf.pstatic.net/main_3249751/32497514695.20221229072737.jpg,TF정보분석실,279000,트렌드포커스,20150709,9791195558117,"IoT는 작년에 이어 올해에도 ICT 시장을 뜨겁게 달구는 키워드 중 하나입니다.

모바일 시스템 환경의 급속한 확산은 많은 변화를 유도하고 있으며, 우리가 사용하는 스마트폰의 급속한 보급으로 NFC 기술(비접촉식 근거리 통신기술)도 같이 발전하고 있는 추세로 NFC 기술을 활용한 교통카드, 소액결재시스템, 출입관리시스템 등과 같이 우리가 살아가는데 필요한 일상적인 분야에 NFC 기술이 널리 활용되고 있습니다.

이렇게 스마트폰, 사물인터넷의 확산은 전 세계 모바일 트래픽을 급격하게 증가시켜 2018년경에는 2014 년 대비 약 6 배의 트래픽 증가가 예상되고 있고, 모바일 결제 시장은 2017년에는 2011 년 대비 약 7 배의 성장이 예상되고 있습니다."
7,핀테크 / 블록체인 기술이 적용된 온라인 시스템 전자결제 / 보안 / 인증 시장 전망과 핵심기술 동향,https://search.shopping.naver.com/book/catalog/32438161048,https://shopping-phinf.pstatic.net/main_3243816/32438161048.20221227205547.jpg,TF정보분석실,342000,트렌드포커스,20190429,9791188774074,"4차 산업혁명 시대에 핀테크와 블록체인이 핵심기술로 떠오르고 있다. 핀테크는 금융서비스 가치와 혁신을 향상시킬 수 있는 비즈니스 모델로 대두되고 있으며 블록체인은 세계경제포럼(World Economic Forum, WEF)에서 4차 산업혁명 시대의 핵심기술로 선정될 정도로 인정받고 있고 올해까지 전 세계 은행의 80%가 블록체인 기술을 도입할 것으로 전망되고 있다.

핀테크(fintech)는 금융서비스 도메인에서 IT 기술을 기반으로 새로운 응용프로그램, 프로세스, 제품, 비즈니스 모델 또는 새로운 서비스를 제공하는 것으로 이를 통해 금융서비스의 가치와 혁신을 향상시키고 있으며 IT기술의 발전에 따라 간편 결제, 대출 프레임워크, 크라우드 펀딩등 다양한 형태의 금융서비스가 출시되고 있다. 그리고 블록체인은 금융 분야를 비롯하여 제조 및 유통, 공공서비스, 사회·문화 부문의 전영역에 걸쳐 혁신적인 변화를 일으키는 새로운 패러다임이라 말할 수 있다."
8,"[CD] 2018 4차산업 기업.스타트업 주소록 - CD-ROM 1장 (가상현실·드론·로봇·빅데이터·인공지능·핀테크기업, 친환경에너지기업, 창업센터)",https://search.shopping.naver.com/book/catalog/32466687247,https://shopping-phinf.pstatic.net/main_3246668/32466687247.20221229074014.jpg,한국콘텐츠미디어,170100,한국콘텐츠미디어,20180921,9791155055663,"2018 4차산업 기업·스타트업 주소록 CD에는 4차 산업기술, 바이오헬스케어, 창업·스타트업, 친환경에너지 관련 회사 주소록이 약 9천 건 수록되어 있다.

※본 CD롬은 엑셀(xls) 형태로 수록되어 있어 사용자가 편리하게 수정·편집·출력할 수 있다."
